basePrice,demand,occupancy,weekend,season,leadDays,rating,finalPrice
2360,10,11,1,2,24,4.9,3356.0
5272,34,97,0,2,10,3.8,7912.0
4592,54,40,1,0,44,3.7,5986.0
1966,58,36,1,1,52,4.4,2618.0
5926,98,11,0,1,23,4.6,8252.0
4944,25,87,0,0,16,3.4,6260.0
4671,28,13,0,1,37,4.7,5643.0
4419,32,22,1,1,16,3.1,5835.0
1630,92,44,1,1,56,3.0,2290.0
3185,34,81,1,2,44,3.3,4931.0
2269,25,75,1,2,31,5.0,3441.0
3891,63,15,0,2,6,4.0,6084.0
3933,82,40,0,1,30,3.1,5439.0
2684,10,19,0,2,37,5.0,3421.0
4885,51,30,0,1,1,4.5,7068.0
5617,28,83,1,0,51,4.7,7587.0
4404,43,32,1,1,42,3.4,6058.0
1974,89,12,0,2,25,3.2,2970.0
2582,64,41,1,1,46,4.0,3918.0
4058,27,29,0,2,57,4.5,5510.0
3547,43,83,1,2,21,4.3,5701.0
4247,98,38,1,0,35,4.3,6028.0
2475,54,61,1,0,38,4.5,3247.0
3306,15,55,1,2,5,3.5,5189.0
1689,30,43,1,1,49,4.3,2393.0
4234,79,93,1,0,50,3.8,6431.0
4505,57,70,0,0,12,3.1,5550.0
3399,48,81,1,2,5,3.4,6116.0
2767,40,80,0,1,9,4.6,3789.0
3028,19,79,0,0,44,4.8,3817.0
4702,39,20,0,0,52,3.6,5321.0
5056,27,91,0,1,9,3.4,6843.0
5390,69,98,0,0,35,3.1,7185.0
2146,97,72,0,1,1,4.9,3551.0
4388,82,30,1,2,54,4.4,6994.0
3935,24,12,1,0,47,4.9,4822.0
2100,13,91,1,2,10,4.7,3402.0
3863,72,97,0,1,46,3.7,5658.0
3561,49,19,0,2,39,3.2,4734.0
1741,18,36,0,2,36,4.0,2321.0
3541,18,21,1,2,58,3.1,5154.0
4324,35,16,1,1,37,3.3,5718.0
4112,13,26,1,1,52,3.5,5407.0
2863,90,74,0,1,48,4.3,4189.0
2978,25,73,0,1,35,4.0,3893.0
4056,24,35,0,1,17,3.6,4978.0
2275,61,24,1,0,13,4.1,2836.0
5514,78,42,0,0,6,3.3,7662.0
1534,14,71,0,0,58,4.5,1735.0
4652,29,56,0,2,37,4.4,6745.0
3455,88,44,0,2,48,3.4,5288.0
3085,27,74,1,1,32,4.2,4577.0
5443,11,81,1,1,11,4.0,7477.0
4573,22,85,0,0,17,3.1,5423.0
2521,13,92,0,1,5,3.6,3618.0
4961,51,34,1,2,6,5.0,8408.0
4113,83,66,1,1,10,3.2,6269.0
5343,70,41,0,0,53,4.0,6862.0
3000,17,72,1,1,33,4.7,4239.0
1661,76,21,1,2,30,3.6,2496.0
5797,72,72,0,0,21,3.5,7558.0
3481,18,86,1,1,42,4.8,5022.0
2495,20,10,1,2,17,3.6,3573.0
4842,51,60,1,0,27,4.3,6496.0
5298,22,79,1,0,3,4.5,7533.0
2775,45,17,0,2,60,4.6,3893.0
2516,22,77,1,1,29,5.0,3581.0
1837,21,14,1,1,2,4.6,2531.0
2378,46,98,0,1,29,4.3,3411.0
2576,83,95,1,0,49,4.8,3883.0
5493,82,48,0,0,36,4.8,7207.0
1879,61,32,0,1,34,4.9,2570.0
1992,80,77,1,0,37,4.6,2858.0
3562,11,61,1,0,42,3.4,4391.0
5384,65,13,1,2,1,4.4,8897.0
1564,69,56,1,1,60,3.2,2396.0
4068,32,30,1,1,26,3.6,5469.0
3527,49,65,0,1,1,3.2,5386.0
4195,73,75,1,0,59,4.9,6033.0
2995,94,68,0,0,58,3.7,4104.0
1891,32,16,1,0,4,4.4,2660.0
5974,38,58,0,1,39,4.1,7990.0
5061,87,25,1,0,14,3.2,6808.0
3778,99,26,1,1,46,4.1,5765.0
4599,60,93,1,0,18,4.3,6666.0
1700,78,96,1,1,34,4.8,2787.0
4604,98,84,1,2,1,3.1,8541.0
3954,40,43,0,0,53,3.6,4704.0
5145,59,42,1,1,22,4.4,7485.0
2304,29,35,1,2,16,3.1,3254.0
4231,64,75,1,2,22,3.4,7102.0
4273,90,72,0,0,50,3.4,5852.0
3070,11,96,1,1,16,4.3,4336.0
4190,34,50,0,0,28,3.6,4878.0
5340,22,95,1,2,28,4.2,8407.0
2528,79,67,0,0,55,4.9,3360.0
2002,76,88,1,1,22,4.6,3282.0
5993,67,19,1,2,56,3.7,9154.0
2370,91,24,0,0,6,3.9,3505.0
5988,84,51,1,0,25,3.4,8159.0
1706,93,66,0,0,42,3.0,2274.0
2984,73,96,1,0,2,3.6,4610.0
2363,78,26,1,0,7,3.7,3493.0
4290,92,69,0,2,53,4.1,6932.0
2063,95,18,1,2,17,4.9,3455.0
5691,68,45,0,1,35,4.9,7830.0
3257,69,82,0,0,20,3.1,4307.0
3178,92,89,1,1,44,4.2,5086.0
4742,71,45,1,2,2,3.1,8118.0
2559,25,57,1,0,7,4.3,3561.0
3222,97,60,0,1,32,3.2,4570.0
4814,77,79,0,0,49,4.9,6658.0
4657,24,83,1,0,19,4.7,6208.0
4125,98,89,0,1,12,3.0,6327.0
4229,64,77,0,2,9,4.6,6707.0
3097,44,31,0,1,27,4.3,4140.0
4560,64,86,0,1,14,4.0,6548.0
4193,23,89,1,1,2,4.2,6555.0
5127,58,15,1,0,21,4.4,6683.0
2863,92,35,1,2,4,4.8,5121.0
3481,16,84,0,2,60,4.5,5201.0
3163,39,97,0,0,51,4.2,3967.0
3029,92,12,0,2,21,4.6,4624.0
3538,58,61,0,1,48,5.0,4982.0
4802,98,83,1,2,22,3.6,8332.0
3737,25,69,0,0,49,3.2,4361.0
2806,60,72,0,2,2,4.5,4579.0
5529,81,74,1,0,17,5.0,8197.0
4175,91,61,1,1,19,3.2,6409.0
2782,89,99,1,0,40,3.9,4230.0
2209,92,85,0,2,24,3.1,3755.0
5913,51,23,0,1,20,4.6,7654.0
5248,26,98,0,2,38,4.9,7939.0
2163,72,81,0,0,12,4.0,2876.0
3498,54,77,0,1,25,3.8,4854.0
4945,86,37,0,0,23,4.8,6412.0
5243,16,80,1,2,50,3.3,8026.0
2995,36,19,0,0,59,4.8,3556.0
4804,19,66,1,2,34,3.8,7265.0
5263,43,75,1,2,32,4.1,8468.0
3353,45,99,1,1,51,4.1,5106.0
2791,34,59,0,1,24,4.2,3673.0
5081,15,23,0,0,42,4.9,5554.0
4957,33,25,1,2,25,4.9,7309.0
3136,27,63,0,2,3,4.7,5066.0
5196,96,52,0,1,25,3.4,7453.0
4499,15,51,1,1,28,3.7,6121.0
4652,38,90,0,1,12,4.0,6383.0
2198,34,31,0,1,26,4.8,2822.0
3660,64,77,0,0,48,4.0,4791.0
5597,90,28,0,0,44,5.0,7199.0
2354,55,75,1,0,8,5.0,3279.0
4974,33,48,1,0,5,4.2,6899.0
3207,84,82,0,1,11,4.8,4841.0
4277,35,28,0,0,42,5.0,4800.0
3233,37,25,0,0,35,4.7,3728.0
5010,12,63,1,0,27,4.3,6370.0
1702,84,34,0,1,55,4.7,2399.0
4755,47,27,0,2,41,3.2,6523.0
5718,70,32,1,1,44,4.3,8292.0
5996,87,94,0,2,38,3.4,9867.0
2266,60,20,1,2,19,3.2,3426.0
5889,99,48,0,0,48,4.8,8085.0
3827,57,77,1,0,53,4.3,5448.0
4431,30,34,0,0,55,3.5,4943.0
1697,63,72,0,1,56,3.8,2295.0
3430,65,39,1,1,32,4.9,5134.0
5082,68,54,1,0,46,4.7,6981.0
2108,81,99,1,1,28,3.0,3294.0
4772,60,70,1,1,36,5.0,7312.0
2647,29,60,1,2,18,3.7,3998.0
5782,95,18,0,1,10,4.4,7855.0
4897,68,85,1,2,32,4.4,8128.0
4011,80,11,1,0,18,4.8,5464.0
3294,18,14,1,1,12,4.8,4300.0
2159,10,71,1,2,51,3.6,3294.0
4311,38,78,0,1,8,4.3,5840.0
2869,72,61,0,2,33,3.8,4284.0
3486,81,95,0,2,46,4.1,5754.0
1646,65,14,0,1,55,4.1,2283.0
4719,77,68,0,0,38,3.8,6135.0
4411,44,77,1,2,14,3.9,7144.0
3234,12,18,0,0,2,3.4,3706.0
3343,16,31,0,1,9,4.2,3921.0
1988,36,36,1,1,44,4.5,2821.0
4476,10,19,1,0,5,3.9,5658.0
3459,100,89,0,1,34,5.0,5303.0
3885,89,70,0,2,19,3.1,6000.0
4419,80,60,1,0,7,4.2,6815.0
3302,53,19,0,1,39,4.2,4091.0
5561,96,15,1,1,42,3.1,8192.0
4869,50,71,1,0,17,3.4,6607.0
1762,84,14,0,2,26,4.8,2679.0
2123,51,79,0,0,46,4.1,2845.0
2516,42,72,0,1,27,3.9,3523.0
5143,59,65,1,1,43,3.8,7559.0
3549,72,68,1,0,28,4.8,5146.0
5223,46,72,0,2,20,3.7,7875.0
4608,68,98,0,2,6,4.7,8139.0
5590,90,68,0,2,8,3.6,8955.0
3556,57,60,1,0,32,4.1,4821.0
4670,14,59,1,2,19,3.3,6802.0
3182,57,13,1,2,32,4.7,4816.0
3755,12,57,0,2,19,4.5,5155.0
2654,56,41,1,2,24,4.1,4239.0
5999,71,60,1,1,24,3.1,8957.0
4691,23,61,0,0,56,4.0,5592.0
3196,72,83,1,0,17,3.5,4421.0
5491,70,43,0,2,56,3.8,8142.0
3148,40,45,1,0,56,4.7,3998.0
2945,26,79,0,0,18,4.5,3461.0
5699,33,52,0,1,12,3.5,7376.0
5423,32,25,1,0,41,5.0,6672.0
1753,91,68,0,1,23,4.8,2590.0
4683,59,62,1,0,56,4.1,6314.0
4057,87,28,0,1,48,4.1,5603.0
1598,88,98,0,1,18,4.8,2537.0
3700,88,50,0,0,16,4.3,4798.0
4461,79,90,1,1,16,4.1,7070.0
5933,36,56,0,1,36,4.5,7941.0
5277,24,63,0,0,23,3.5,6234.0
4369,59,64,1,1,22,4.8,6560.0
4734,45,28,0,1,39,4.1,6117.0
5291,17,71,0,1,33,4.2,6984.0
2456,88,68,0,1,24,3.2,3458.0
5567,12,74,0,1,55,3.6,7071.0
1660,71,77,1,2,20,3.9,2725.0
5993,56,37,0,1,33,3.8,7979.0
2800,86,27,0,1,31,4.6,3936.0
5487,97,35,1,1,40,3.6,8333.0
3027,70,28,0,1,58,3.4,3926.0
2718,41,64,0,0,55,4.2,3432.0
5996,22,66,1,2,8,4.2,9106.0
4604,10,15,1,0,10,3.2,5176.0
4235,43,10,1,2,1,3.0,6658.0
2454,71,17,1,1,21,4.8,3747.0
4946,88,60,0,1,25,3.2,7033.0
2545,87,94,1,2,32,4.8,4411.0
3193,91,97,0,2,53,3.8,5236.0
4936,80,34,1,0,46,4.3,6881.0
2062,40,56,0,2,46,3.4,2968.0
3985,73,64,1,1,10,4.6,6176.0
4854,34,73,1,0,60,3.4,6444.0
1725,47,92,0,2,51,3.8,2755.0
2459,23,19,1,2,57,3.5,3420.0
4567,17,65,1,0,48,4.7,5921.0
2315,100,21,1,2,9,4.7,3922.0
4620,63,42,0,1,20,3.7,6253.0
1516,11,80,1,0,48,3.6,1847.0
2743,90,26,1,2,20,4.5,4355.0
3705,87,70,0,1,59,4.8,5575.0
4024,98,19,0,2,40,4.2,6013.0
2569,65,40,1,0,7,4.9,3747.0
4944,93,69,0,2,11,3.8,7864.0
4065,94,79,0,2,21,3.3,6575.0
2560,70,26,0,2,38,3.4,3763.0
3827,31,59,1,1,47,4.3,5356.0
4920,44,46,1,1,19,3.8,6817.0
1801,25,91,0,2,46,3.3,2715.0
5776,59,71,1,2,15,3.6,9393.0
2106,52,99,0,0,6,4.1,3112.0
4670,26,89,1,2,56,3.2,7313.0
2199,89,81,0,0,10,3.0,2939.0
2639,67,97,1,1,46,4.8,4195.0
1690,11,86,0,2,16,3.6,2415.0
3800,13,38,1,0,45,3.4,4432.0
2480,94,41,1,1,11,4.4,3863.0
4475,48,97,0,0,57,4.7,5948.0
2684,15,89,1,1,35,4.3,3846.0
4827,90,20,1,2,8,3.5,7754.0
4894,98,15,1,0,28,4.7,6780.0
1627,78,44,1,2,3,4.0,2910.0
3565,78,42,1,0,2,3.8,5225.0
3316,29,27,1,1,53,4.2,4549.0
2069,73,46,1,0,14,4.4,2915.0
3395,25,22,1,0,52,4.2,4312.0
4233,60,83,0,2,29,4.8,6810.0
5363,46,99,1,2,53,4.3,8972.0
5514,82,90,0,2,54,4.8,8989.0
4401,78,73,1,1,47,4.2,6781.0
3186,51,10,0,2,3,3.7,4722.0
4509,66,72,1,0,1,4.1,6979.0
1654,75,98,0,1,15,3.2,2575.0
4037,18,43,0,2,20,3.5,5343.0
2909,95,19,1,0,22,4.5,3939.0
5557,73,93,0,0,34,4.3,7622.0
2284,95,16,1,1,50,3.3,3237.0
4675,31,65,1,0,33,3.9,6035.0
5841,43,89,0,2,9,3.3,8903.0
4306,64,46,1,0,3,4.7,6507.0
2037,38,38,0,2,2,3.2,3171.0
3341,47,21,0,2,4,4.3,5020.0
3955,27,26,1,1,16,4.2,5123.0
2024,80,57,1,0,54,3.9,2804.0
4450,74,93,1,1,33,3.6,6780.0
5631,10,35,1,1,9,3.8,7394.0
5615,97,92,1,1,57,4.6,9376.0
3868,13,21,0,2,40,4.5,5035.0
5347,13,30,0,2,38,4.5,7223.0
5995,91,51,1,2,52,4.5,10111.0
4201,36,70,1,2,18,3.3,6389.0
2471,52,67,1,0,16,3.2,3269.0
2666,68,63,0,0,8,4.7,3442.0
4274,41,43,0,2,23,4.7,6252.0
3482,42,16,0,2,60,4.4,4885.0
2353,37,44,1,0,36,4.2,3070.0
5646,64,24,1,1,3,3.7,8670.0
5236,69,74,0,1,15,3.4,7574.0
5269,79,99,1,2,38,4.3,9176.0
2074,71,34,1,1,33,4.8,3120.0
4761,89,68,0,2,18,3.9,7748.0
2648,43,88,0,2,23,3.6,4061.0
3215,96,95,1,2,43,3.5,5622.0
5354,97,15,0,0,3,3.0,7299.0
3991,65,61,1,1,30,4.0,5811.0
4160,22,88,0,0,45,5.0,5048.0
4624,65,97,0,1,17,4.6,6959.0
4551,27,30,1,0,50,4.8,5457.0
1504,63,80,1,0,58,4.2,2233.0
2376,86,41,0,2,58,4.0,3720.0
2491,52,62,1,2,32,5.0,3934.0
5642,48,68,0,0,46,3.9,7062.0
5864,70,78,1,1,57,4.8,9241.0
5965,51,71,0,1,7,4.5,9118.0
2135,90,13,0,2,39,3.7,3280.0
3193,88,95,0,2,14,4.0,5113.0
3182,27,27,1,1,58,3.8,4287.0
1619,32,90,0,1,56,3.3,2137.0
2330,63,65,0,1,15,3.7,3077.0
5175,39,33,0,2,44,4.8,7225.0
2869,67,75,0,1,12,4.5,4093.0
2240,77,22,1,2,8,3.6,3500.0
1616,76,71,1,0,16,3.7,2204.0
4338,80,63,0,0,41,4.2,5702.0
2650,27,24,0,0,34,3.8,2890.0
3431,16,78,1,1,46,4.0,4753.0
2512,49,12,0,2,24,4.4,3439.0
3164,79,46,1,1,56,3.9,4810.0
2581,95,46,0,2,29,3.4,4164.0
2012,74,12,1,1,16,4.0,2886.0
4349,77,72,0,0,5,3.7,6337.0
2059,58,44,1,2,5,3.6,3468.0
5172,61,61,1,1,52,3.7,7626.0
4843,38,96,1,2,30,3.9,7901.0
5570,30,37,0,2,53,4.8,7919.0
2970,99,27,1,1,50,4.5,4425.0
2080,87,45,1,1,50,4.3,3286.0
3794,18,42,0,2,5,3.9,5821.0
4647,56,73,0,2,43,3.0,6851.0
5749,85,35,0,0,13,3.7,7393.0
3179,51,57,0,2,35,4.6,4905.0
5006,60,49,1,0,49,3.8,6770.0
4244,65,26,0,0,25,4.1,5126.0
4856,60,49,0,0,50,3.4,6041.0
5545,79,16,0,2,14,4.8,8150.0
2743,29,66,0,0,44,4.8,3314.0
4618,97,17,0,2,46,3.3,6826.0
3641,36,65,0,2,26,4.4,5199.0
4559,47,40,0,1,18,3.2,5897.0
4459,81,68,1,2,20,4.2,7515.0
3765,74,67,1,2,34,3.4,6237.0
3979,63,21,1,0,7,3.3,5151.0
3135,33,57,1,2,47,3.0,4741.0
3257,56,40,1,2,60,4.9,5146.0
5952,80,92,0,1,10,4.7,8917.0
3570,92,72,0,1,15,3.2,5200.0
4349,95,83,0,0,17,4.2,6179.0
4751,72,48,0,0,11,3.5,5989.0
5230,66,85,1,1,34,3.5,8039.0
3989,64,29,1,1,27,4.7,5875.0
3131,69,57,0,2,21,3.2,4933.0
4316,71,80,0,0,31,4.2,5748.0
2515,39,63,1,0,50,3.8,3328.0
2848,31,87,1,2,57,3.4,4386.0
4587,84,84,1,2,4,3.9,8657.0
4339,93,80,0,0,41,4.9,6064.0
1835,38,38,0,1,59,4.6,2207.0
2395,50,83,1,1,60,3.3,3627.0
5046,51,82,1,2,49,4.7,8135.0
2351,74,57,0,0,17,4.9,3225.0
3187,40,83,0,2,49,3.6,4811.0
3431,39,92,0,1,48,3.7,4663.0
5246,27,65,0,1,20,3.3,6861.0
3927,26,26,1,2,25,3.7,5639.0
3068,47,18,1,1,40,4.3,4264.0
5500,23,43,1,0,23,3.5,6615.0
4238,96,54,0,2,15,3.0,6469.0
4998,98,97,0,2,33,3.7,8361.0
5413,88,18,0,2,19,3.9,8246.0
2566,65,16,1,1,57,4.1,3559.0
5880,31,25,1,0,15,4.4,7175.0
3944,76,28,1,2,41,3.1,6113.0
5607,65,15,0,2,5,3.9,8587.0
4873,28,20,0,1,16,3.5,5964.0
5469,66,85,1,0,60,4.9,8034.0
4046,53,70,0,2,45,3.7,6117.0
2253,44,51,1,1,48,3.2,3153.0
3582,10,22,1,2,32,3.1,4846.0
4274,61,21,1,1,22,3.5,6177.0
4396,94,94,1,0,43,3.4,6521.0
5685,79,83,0,1,32,4.3,8360.0
2275,46,29,0,2,13,4.7,3064.0
3125,74,59,0,2,38,3.6,4633.0
4569,60,45,0,1,26,4.2,6249.0
1917,10,97,0,0,52,4.5,2309.0
1614,100,78,0,0,17,3.8,2167.0
2116,30,46,1,2,5,3.1,3326.0
5474,62,21,0,2,49,3.5,7719.0
4767,25,49,0,1,33,4.8,6109.0
2325,70,63,0,1,27,4.6,3467.0
3016,63,11,1,1,5,3.2,4500.0
4646,49,59,0,0,37,3.4,5685.0
1912,35,50,1,0,7,4.5,2731.0
2228,89,54,0,2,48,4.0,3497.0
4848,74,18,0,2,18,4.5,7082.0
4308,83,71,0,2,31,3.4,6714.0
2175,73,95,1,1,6,4.9,3849.0
4965,52,56,1,0,2,4.6,7380.0
4004,26,14,0,2,13,3.4,5181.0
4467,68,85,0,2,42,4.1,6761.0
4286,32,10,0,2,53,3.2,5575.0
2622,16,53,1,2,52,3.7,3727.0
5579,53,31,1,2,11,4.3,8483.0
3071,62,47,0,2,26,3.7,4402.0
3643,80,28,1,0,21,4.3,5065.0
3187,88,89,1,2,2,3.5,6013.0
5632,43,40,1,0,40,4.4,7355.0
5351,55,76,1,1,56,3.7,7977.0
4940,77,96,0,0,54,4.6,6822.0
5266,87,51,0,1,51,3.3,7312.0
3826,87,91,1,0,20,3.7,5781.0
4414,25,35,1,0,17,3.9,5494.0
5452,80,22,1,2,16,3.8,8631.0
2095,28,67,0,0,57,3.9,2396.0
2228,11,27,0,0,42,3.9,2359.0
2865,19,76,1,2,5,5.0,4828.0
5992,59,96,1,1,14,3.4,9048.0
2198,90,12,1,2,24,4.5,3652.0
1895,21,64,1,2,51,4.1,2741.0
5671,79,98,0,2,4,3.8,9866.0
5860,31,100,0,1,52,4.3,8027.0
4002,41,67,0,0,48,4.7,4978.0
3319,93,72,0,0,24,3.9,4519.0
2217,10,100,0,2,47,4.7,3374.0
4282,63,61,0,2,60,3.2,6305.0
5077,67,98,1,0,9,4.3,7334.0
1643,79,33,1,0,3,3.7,2441.0
4640,92,81,0,0,55,3.8,6205.0
5991,27,18,0,1,9,4.1,7448.0
4438,15,46,0,1,18,4.0,5391.0
5136,54,92,1,2,36,3.8,8651.0
4722,32,62,1,1,19,3.6,6574.0
2667,32,89,1,2,24,4.2,4119.0
4116,35,33,1,0,4,4.0,5732.0
2562,86,30,0,0,9,3.6,3281.0
3656,16,49,1,2,33,3.4,5385.0
4482,88,71,0,0,1,4.5,6731.0
4794,53,79,1,2,52,4.6,8089.0
2656,36,78,1,2,51,3.4,4024.0
2232,35,23,1,2,35,3.5,3386.0
5830,88,51,1,1,10,3.5,8727.0
2453,45,59,0,2,12,4.8,3809.0
4039,64,70,0,2,18,4.5,6286.0
4824,73,13,0,2,14,3.1,7011.0
4801,100,81,0,1,10,4.7,7504.0
3042,66,97,0,0,10,3.1,3833.0
2691,78,84,0,1,18,3.5,3910.0
4493,70,26,0,2,24,4.8,6533.0
4181,11,94,1,1,1,4.7,6747.0
2717,64,66,0,0,30,4.6,3618.0
3040,89,99,1,0,15,3.9,4615.0
4736,96,57,0,2,8,3.6,7437.0
3886,47,53,1,0,58,4.8,5244.0
5219,89,54,0,1,35,4.3,7487.0
2888,87,100,1,1,18,3.6,4714.0
3356,38,89,0,0,41,3.9,4235.0
2865,35,99,0,2,16,4.8,4332.0
1999,44,42,0,2,21,4.8,2966.0
3180,88,40,0,1,15,4.3,4712.0
2010,76,56,1,0,5,4.5,2952.0
5812,96,15,0,1,45,3.1,8013.0
2824,38,81,0,1,54,4.2,3808.0
2655,43,80,1,1,52,4.4,4021.0
3327,50,43,0,2,7,3.0,5098.0
4641,50,62,1,0,48,4.7,6289.0
4986,32,23,1,0,7,4.9,6828.0
3310,80,25,0,2,27,3.5,5010.0
4423,12,52,0,1,25,4.7,5593.0
3714,67,82,1,1,22,4.3,5738.0
5686,41,83,0,2,48,4.2,8569.0
2213,40,90,1,0,13,4.7,3271.0
5102,91,21,0,2,17,3.6,7681.0
5634,52,79,0,0,41,4.6,7252.0
5022,16,28,1,0,44,3.6,6081.0
5768,10,50,0,0,13,4.6,6565.0
2743,70,62,0,1,26,3.9,3785.0
5209,23,38,0,1,9,3.2,6439.0
2581,61,79,1,2,5,3.8,4555.0
1955,15,68,0,2,39,3.5,2391.0
2394,19,98,1,1,33,3.2,3477.0
2884,80,73,0,2,4,3.2,4769.0
3458,99,33,1,1,28,4.6,5210.0
4572,39,98,0,1,26,4.8,6337.0
3496,30,25,0,0,4,4.9,4461.0
5785,69,61,1,0,16,4.7,8125.0
2004,90,89,0,1,37,4.7,3172.0
2714,83,15,1,0,22,3.1,3476.0
3031,72,46,0,1,36,4.6,4201.0
4940,51,94,1,0,38,4.6,7240.0
2323,60,13,0,2,58,3.3,3040.0
2428,73,47,1,2,55,4.3,4053.0
1633,85,50,0,1,35,3.9,2249.0
3605,65,90,1,1,25,4.8,5998.0
5127,89,23,1,0,8,4.4,7114.0
3352,50,80,0,0,17,4.9,4303.0
5675,41,95,1,1,18,3.2,8302.0
4433,24,60,1,2,50,3.1,6657.0
4784,71,74,0,2,58,4.9,7382.0
5798,36,61,0,1,57,3.2,7647.0
4311,37,39,0,2,12,3.8,5898.0
2750,90,66,0,1,57,4.3,3972.0
5012,73,88,0,0,57,4.8,6604.0
2756,68,91,0,2,33,3.5,4352.0
4876,67,39,1,2,23,3.1,7625.0
4986,11,51,1,0,12,4.0,6108.0
5084,45,20,1,0,11,3.9,6157.0
2896,80,36,0,2,13,3.6,4479.0
5137,22,33,0,2,35,4.7,7039.0
4830,24,48,1,1,27,4.5,6630.0
4203,98,81,1,1,25,4.7,6971.0
1970,96,27,0,2,40,3.3,2934.0
2853,69,86,1,1,3,4.4,4893.0
4283,31,54,0,0,49,5.0,5085.0
4331,72,97,0,1,25,4.2,6552.0
1857,99,96,1,1,45,3.3,3119.0
4519,84,21,0,2,10,5.0,6787.0
2167,83,58,0,1,17,4.1,3138.0
5968,34,40,0,2,3,4.7,9233.0
2645,57,31,0,2,45,3.3,3749.0
5685,52,53,1,2,22,4.3,8855.0
5219,47,73,0,0,38,4.8,6568.0
4245,50,86,0,1,14,4.1,5966.0
2039,54,34,1,1,27,3.6,2878.0
4279,97,60,0,1,42,3.3,6159.0
5636,49,16,0,2,20,3.6,7776.0
5275,26,15,1,0,48,3.7,6009.0
4008,97,33,1,2,18,4.4,6628.0
4279,66,28,0,1,13,3.4,5660.0
2424,11,92,0,2,42,3.2,3540.0
4456,71,18,1,2,6,3.8,7599.0
3081,97,45,0,1,10,3.9,4520.0
4824,18,49,0,2,37,4.3,6863.0
5985,77,33,0,2,29,4.4,8996.0
1755,90,57,1,0,6,4.8,2785.0
3338,26,72,0,2,39,3.6,4867.0
3444,59,78,1,0,11,4.1,4814.0
1509,49,62,1,1,48,3.7,2161.0
4371,67,63,1,0,25,3.0,6097.0
2297,84,51,1,2,44,4.2,3867.0
2515,94,54,0,1,44,4.6,3771.0
3324,30,99,1,2,30,3.1,5184.0
5969,27,23,0,2,55,3.0,7994.0
4636,64,38,1,0,20,4.5,6237.0
3693,38,15,1,2,58,4.4,5330.0
1723,33,16,0,0,37,3.8,1973.0
5658,83,46,1,1,16,4.3,8492.0
5425,26,62,1,1,31,4.9,7498.0
5500,27,27,0,2,29,3.5,7211.0
3133,51,96,1,0,6,3.5,4775.0
3652,93,47,1,2,29,3.4,6167.0
2010,54,68,1,2,32,4.4,3279.0
1884,91,10,0,2,9,3.7,2769.0
1904,26,77,1,2,37,5.0,3138.0
3500,82,53,0,0,53,4.4,4657.0
4256,23,56,0,2,23,3.7,6048.0
3168,58,44,0,1,16,3.3,4312.0
2960,38,96,1,0,18,4.2,4074.0
5136,13,100,1,2,19,3.6,7976.0
4224,91,69,1,0,44,4.8,6170.0
5678,29,99,1,2,2,3.9,9923.0
3548,56,61,0,1,58,3.6,4727.0
5646,18,17,0,1,10,4.2,6681.0
2216,86,89,1,1,12,3.3,3518.0
3323,88,50,1,0,46,4.1,4721.0
3581,36,12,0,1,18,3.1,4379.0
4919,24,78,1,2,19,4.2,7650.0
3074,28,93,1,2,38,4.1,4862.0
1749,99,23,1,2,37,4.0,2921.0
2173,61,35,1,0,27,4.4,2976.0
3665,35,79,1,0,48,3.1,4660.0
2270,98,67,1,1,14,3.9,3720.0
5462,35,49,0,0,45,3.9,6402.0
5863,35,60,0,2,53,3.9,8603.0
3484,55,14,0,2,34,5.0,4901.0
2577,58,86,0,2,2,3.3,4190.0
1735,91,41,1,0,44,4.4,2519.0
1888,62,89,1,2,33,3.8,3353.0
4537,12,10,0,1,19,4.0,5123.0
3348,75,86,0,0,60,4.5,4661.0
4314,51,63,0,2,60,3.3,6402.0
4874,28,20,0,2,27,4.5,6613.0
4778,26,62,0,0,48,3.1,5757.0
2752,42,17,1,0,30,4.0,3205.0
5481,85,34,1,1,7,4.5,9089.0
3622,58,49,0,0,27,3.4,4527.0
3650,65,41,0,2,21,4.5,5566.0
2829,72,97,1,1,7,3.3,4921.0
2858,12,37,1,2,48,4.6,4179.0
3982,58,87,1,2,25,3.9,6546.0
3517,64,12,0,2,38,4.4,4965.0
2831,35,100,1,0,18,4.8,4029.0
5844,81,93,0,0,33,3.8,8055.0
5761,61,88,0,2,33,3.5,8914.0
2858,16,71,1,0,32,4.7,3644.0
4677,55,36,1,2,58,3.3,7101.0
3628,55,54,1,0,25,4.3,4968.0
3680,25,34,0,0,14,4.8,4217.0
1637,33,70,1,0,38,4.3,2290.0
4972,70,53,1,1,38,3.4,7228.0
4332,63,55,0,0,4,3.3,6019.0
5079,71,23,1,1,44,3.5,7142.0
4531,10,17,1,1,18,3.8,5871.0
5664,58,57,0,1,10,3.3,7807.0
4093,34,23,0,2,35,4.6,5511.0
5800,19,74,0,0,35,3.7,6785.0
5318,89,89,0,2,40,4.9,8745.0
5638,25,91,0,1,54,4.7,7890.0
5323,67,16,1,0,23,4.8,6938.0
5542,81,88,1,2,25,3.6,9510.0
3406,38,97,0,1,1,4.1,5167.0
2260,15,58,1,2,18,3.6,3449.0
4945,25,64,1,2,15,3.5,7599.0
2399,29,22,0,0,25,4.2,2845.0
5955,89,82,0,0,32,4.6,8299.0
4447,80,65,0,2,53,3.2,6871.0
3219,87,65,1,0,20,3.6,4597.0
1780,52,24,0,0,17,3.4,2064.0
4766,35,66,1,2,57,4.6,7438.0
3387,99,67,1,0,11,4.9,5183.0
4766,87,44,1,0,13,3.2,6503.0
2166,80,97,1,1,25,3.8,3460.0
5688,42,25,0,0,20,4.8,6674.0
2171,35,17,1,1,25,3.7,2934.0
3469,54,96,0,2,42,4.4,5334.0
5656,93,54,1,1,45,3.2,8660.0
4622,72,49,0,2,49,3.9,6984.0
5400,76,63,0,0,31,4.0,7160.0
2023,61,23,0,0,53,4.5,2418.0
3893,77,68,1,1,1,3.6,6466.0
4617,35,62,1,2,52,3.5,7096.0
4093,84,36,1,0,16,3.6,5700.0
3468,11,56,0,1,48,4.1,4154.0
3253,23,89,1,1,28,4.8,4794.0
3796,39,15,1,1,21,4.7,5279.0
3761,58,64,1,0,30,3.1,4978.0
3786,21,53,0,2,59,4.8,5276.0
5702,99,27,1,0,3,3.2,8712.0
4378,53,25,1,0,34,3.8,5536.0
5643,42,21,0,2,6,4.5,8571.0
5144,22,29,0,1,43,3.2,6242.0
5932,87,54,0,0,29,3.1,7401.0
3555,97,73,0,1,3,3.7,5599.0
2776,35,68,0,1,58,4.5,3808.0
4266,30,99,0,2,33,4.0,6409.0
1802,37,31,1,2,11,3.8,2659.0
2138,57,56,1,2,45,4.6,3365.0
1555,49,38,0,1,5,4.5,2237.0
2025,75,95,1,1,50,4.6,3374.0
5623,82,54,0,0,32,3.9,7354.0
3625,96,86,1,1,47,3.0,5913.0
4787,88,18,0,2,18,3.3,7038.0
1864,86,33,0,2,47,4.5,2851.0
3146,32,24,1,2,20,4.5,4674.0
2418,90,45,1,2,52,4.9,4097.0
4297,57,22,1,1,52,3.4,5873.0
3031,11,100,1,2,39,3.2,4673.0
4845,93,53,1,0,49,3.3,6793.0
3406,29,80,1,1,40,3.4,5030.0
4586,68,81,1,2,28,4.1,7484.0
3575,55,87,1,0,13,5.0,5176.0
2213,12,85,0,2,26,4.2,3109.0
2562,64,45,1,1,16,4.0,3640.0
3476,21,70,1,1,25,4.3,4888.0
2796,49,90,0,0,10,3.1,3694.0
1625,75,49,0,1,29,4.6,2236.0
5096,87,36,0,0,46,4.3,6404.0
4783,25,10,0,2,38,3.3,6123.0
3103,92,43,1,1,20,4.3,4786.0
1566,43,77,1,2,54,4.2,2346.0
1732,53,97,0,2,26,3.1,2738.0
3656,15,30,0,1,32,3.5,4229.0
2669,86,42,1,2,39,3.8,4300.0
3658,73,16,1,0,38,3.5,4826.0
5706,31,74,1,0,59,3.5,7413.0
2993,27,12,1,0,49,4.1,3424.0
5507,21,60,0,1,53,3.9,7067.0
3972,61,88,1,2,24,4.3,6588.0
4160,60,63,0,2,31,4.9,6501.0
4239,80,89,0,2,40,4.3,6951.0
3261,57,83,0,2,12,4.2,5100.0
5014,28,68,1,0,58,4.7,6613.0
3475,15,15,0,1,57,4.3,4113.0
3862,93,38,1,0,36,3.3,5330.0
2376,36,26,0,0,10,3.6,2507.0
5312,62,69,1,1,6,4.5,8768.0
4948,57,31,0,1,7,4.5,7155.0
2812,16,33,0,0,53,5.0,3158.0
2960,68,90,1,2,31,4.3,5015.0
4209,78,94,1,1,27,4.8,6762.0
3824,20,60,0,1,8,3.1,4921.0
3233,24,59,0,0,3,4.1,4113.0
3105,73,20,1,2,40,4.8,4849.0
4063,12,65,0,1,47,3.6,5107.0
4921,78,80,1,0,21,3.3,7165.0
5017,32,51,1,1,1,3.7,7626.0
3897,62,48,0,2,45,4.6,5848.0
5235,46,78,1,0,54,3.2,7133.0
4370,18,57,0,0,50,4.2,5013.0
2660,24,66,1,2,15,3.3,4103.0
1742,12,30,1,0,7,3.9,2326.0
4090,79,91,0,2,15,4.9,6819.0
2563,26,29,1,0,25,3.4,3045.0
5824,35,24,0,2,3,3.1,8578.0
4095,30,78,1,1,30,3.9,5925.0
2419,81,86,1,1,58,4.2,3851.0
1505,30,60,1,1,14,3.6,2184.0
1967,20,85,1,0,52,4.1,2570.0
5670,47,71,0,2,4,4.9,9232.0
1503,81,94,1,2,36,3.6,2714.0
2145,97,46,1,1,3,3.6,3773.0
1617,44,15,1,1,5,4.0,2244.0
4428,23,80,0,1,25,4.0,5948.0
4051,23,35,0,2,31,3.0,5493.0
5789,19,17,0,1,11,4.2,6980.0
2346,21,82,0,0,8,5.0,3058.0
4262,47,100,1,1,26,3.6,6355.0
2641,43,13,1,1,2,4.3,3868.0
3310,50,30,1,2,28,3.0,4959.0
2223,19,40,0,0,48,4.2,2598.0
1724,26,30,0,2,57,3.9,2461.0
5708,26,34,1,0,60,4.1,6903.0
3548,76,24,1,0,10,4.1,4561.0
5915,71,44,1,1,50,3.4,8746.0
3073,10,58,0,1,39,4.5,3910.0
3328,21,52,1,2,37,4.1,4988.0
3417,13,50,1,2,39,3.5,5052.0
5734,51,46,0,2,21,4.9,8388.0
3526,22,66,0,0,28,3.0,4056.0
5244,94,51,1,2,38,4.5,8886.0
2401,95,56,0,0,56,3.8,3121.0
3539,13,70,1,0,33,4.0,4431.0
1509,91,23,1,0,11,3.6,2060.0
1760,78,77,1,0,45,3.6,2576.0
3173,28,62,1,0,44,3.0,3866.0
3719,11,93,0,1,1,4.5,5537.0
3560,21,43,0,0,53,4.4,4115.0
5213,90,85,0,0,47,4.3,7201.0
3119,83,33,1,1,33,4.8,4930.0
1820,15,29,1,1,3,4.8,2563.0
2842,17,78,1,1,26,4.1,4098.0
3876,60,39,0,2,15,4.4,5737.0
4332,20,97,0,2,41,3.0,6257.0
4324,72,16,1,0,14,4.7,5736.0
3494,66,45,0,0,23,4.6,4473.0
4458,21,47,0,0,60,3.0,5263.0
3538,82,89,0,0,54,4.1,4739.0
4990,11,61,0,1,56,4.8,6139.0
5177,17,24,1,2,8,3.4,7201.0
2618,20,55,0,1,54,3.7,3315.0
3104,62,32,1,2,36,3.7,4867.0
5527,19,21,0,1,20,3.7,6625.0
1735,94,53,1,0,52,3.1,2437.0
3469,93,24,1,2,6,3.6,6174.0
5929,17,58,0,0,33,3.6,6701.0
3408,45,30,1,2,28,4.7,5363.0
1875,85,24,1,2,50,3.7,3040.0
5030,23,23,0,0,38,3.9,5663.0
4135,63,51,1,0,30,3.8,5486.0
3070,94,89,0,0,46,3.2,4226.0
4060,95,24,1,1,43,5.0,6047.0
4891,30,72,0,2,17,4.7,7227.0
4465,59,77,0,2,9,4.1,6904.0
5143,48,36,0,2,28,4.0,7540.0
5350,29,96,0,0,54,4.3,6787.0
2372,97,62,0,2,7,3.7,3938.0
2752,96,61,1,2,46,3.1,4703.0
2814,16,72,1,0,28,3.8,3494.0
4398,18,82,0,0,17,5.0,5278.0
1577,10,62,1,2,40,3.4,2387.0
4121,35,66,1,1,60,4.1,5845.0
5727,47,61,1,0,48,3.0,7440.0
2100,47,52,0,1,44,3.2,2905.0
2565,70,16,0,1,44,4.2,3455.0
3636,53,51,1,1,60,3.6,5294.0
3949,95,13,0,1,60,4.8,5385.0
3843,53,78,0,0,5,3.8,5483.0
3363,83,14,1,2,5,3.4,5641.0
2818,71,84,0,2,14,4.1,4416.0
5097,15,89,0,0,6,4.6,6950.0
5262,26,50,0,0,7,3.0,6657.0
3690,60,13,0,1,55,4.0,4617.0
2492,47,11,0,1,53,4.5,3253.0
4212,33,76,1,0,17,3.2,5620.0
3692,60,30,0,2,59,4.8,5350.0
2748,19,79,0,1,9,3.5,3655.0
4554,81,52,1,0,31,3.3,6394.0
5533,30,91,1,0,22,4.2,7321.0
3497,79,78,0,0,45,3.4,4612.0
5187,94,18,1,1,9,4.4,7542.0
3651,66,93,0,0,59,4.0,4978.0
5518,48,37,1,2,16,3.2,8371.0
4610,97,35,0,0,36,4.8,6054.0
3470,42,91,1,1,34,4.3,5223.0
1697,68,92,0,2,45,4.1,2664.0
4126,27,12,1,2,13,3.7,5651.0
2702,65,82,0,0,19,3.3,3653.0
3535,66,58,0,0,12,4.4,4572.0
1977,85,26,0,2,36,4.6,2980.0
2754,57,72,1,0,10,3.3,3743.0
2422,51,64,1,1,16,4.0,3632.0
1919,36,32,0,2,28,4.0,2507.0
3704,83,43,0,0,56,3.7,4657.0
4097,61,78,0,2,19,4.6,6406.0
2620,51,24,0,0,40,3.2,3126.0
4568,41,56,1,0,6,3.4,6266.0
2450,35,12,1,1,4,3.0,3607.0
3836,34,92,1,0,30,3.7,5133.0
3743,84,37,0,0,39,3.6,4721.0
4145,32,12,0,0,31,4.7,4631.0
3357,66,13,1,1,46,4.5,4651.0
3365,61,97,1,0,27,3.2,4659.0
4412,96,40,1,0,45,4.5,6319.0
4353,40,54,1,0,21,4.4,5905.0
4728,73,68,0,2,37,3.6,7203.0
5219,80,54,0,1,9,3.0,7201.0
4728,42,84,0,2,35,3.2,6913.0
3871,94,46,1,1,42,3.5,5898.0
4391,11,74,0,1,47,4.6,5634.0
5256,27,18,1,2,52,3.9,7452.0
5725,56,26,1,1,21,4.8,8191.0
1594,42,74,1,1,17,4.6,2219.0
4174,93,12,1,2,55,3.6,6763.0
3455,44,35,1,0,24,4.7,4348.0
2293,60,62,0,1,31,3.2,3252.0
3334,27,40,0,2,6,3.1,5165.0
3616,97,35,0,1,57,4.2,5300.0
5606,81,32,1,2,35,3.7,9043.0
4825,39,39,0,0,50,3.7,5691.0
4419,53,19,1,1,37,4.4,6188.0
4097,62,81,0,0,13,4.7,5565.0
4705,19,98,1,0,25,3.6,6225.0
2314,96,73,1,2,32,3.7,4052.0
1845,61,31,0,1,59,4.1,2568.0
3849,58,24,1,1,1,4.3,5999.0
1862,20,65,0,1,49,3.4,2356.0
3943,75,83,0,1,58,4.8,5918.0
3765,67,29,0,1,35,4.3,5038.0
3688,99,56,1,2,58,4.3,6223.0
4505,45,96,1,1,19,4.8,7014.0
4781,42,62,1,0,53,4.8,6440.0
2484,56,62,1,0,52,3.3,3410.0
3139,22,10,0,1,54,3.3,3696.0
2327,49,11,1,2,12,4.5,3523.0
4230,98,67,0,2,40,4.9,7062.0
5031,77,28,0,1,40,4.3,6881.0
5951,51,71,1,0,47,3.8,8050.0
4435,28,87,1,1,43,4.4,6558.0
5376,91,81,0,1,20,3.5,7763.0
1626,28,21,1,1,33,5.0,2269.0
4677,67,35,0,2,29,3.9,6789.0
4556,32,36,1,2,16,4.9,7045.0
2103,63,38,1,0,14,3.9,2868.0
4949,89,24,0,0,7,4.9,7109.0
5646,74,55,0,1,6,3.7,8746.0
5033,21,10,0,0,21,4.5,5390.0
4867,33,69,1,1,36,4.9,7070.0
4868,43,66,1,0,22,4.3,6364.0
5297,62,12,1,1,40,4.4,7586.0
3292,17,27,0,2,54,3.2,4189.0
4361,27,61,0,1,19,3.9,5677.0
4976,66,69,1,2,25,4.8,8373.0
4917,14,43,0,2,3,3.5,7399.0
3145,35,98,1,0,36,4.6,4357.0
2705,39,69,0,0,45,4.4,3185.0
4530,63,35,1,2,53,3.4,7033.0
4372,22,81,1,1,59,3.6,6250.0
4572,92,28,1,1,34,3.9,6894.0
3354,38,31,0,0,11,3.3,3775.0
5521,12,42,0,1,48,4.8,6882.0
4208,99,47,1,1,42,4.5,6533.0
5002,67,44,1,1,47,3.7,7334.0
2832,85,76,1,2,27,3.6,4865.0
1701,11,92,1,2,42,4.4,2674.0
5007,84,19,1,1,2,3.8,7947.0
5712,37,100,1,0,6,3.5,8709.0
2074,91,24,0,1,46,3.9,2904.0
2036,86,20,0,0,2,4.7,2848.0
3125,95,99,0,2,42,3.1,5158.0
3622,85,33,0,1,17,3.7,4899.0
1885,11,86,1,1,40,4.9,2600.0
4781,16,13,1,0,58,3.0,5419.0
1974,35,22,1,0,48,4.8,2387.0
1917,99,82,0,1,14,3.7,2907.0
5100,97,66,0,1,10,3.4,7606.0
2454,85,46,1,0,45,3.0,3444.0
2705,25,57,0,2,33,3.1,3797.0
5620,32,80,0,0,42,3.3,6927.0
3490,49,10,1,1,54,3.1,4762.0
5072,69,69,1,2,12,3.7,8407.0
5880,82,21,1,2,32,3.1,9267.0
5658,41,30,0,2,49,4.4,7844.0
4213,24,20,1,2,24,4.6,5920.0
3703,22,53,1,1,14,4.8,5091.0
4620,14,67,1,2,5,4.1,7515.0
2466,84,53,0,0,51,4.9,3381.0
4932,83,87,0,0,5,3.0,7297.0
2188,61,43,1,0,47,3.3,2831.0
5743,86,34,1,1,32,3.6,8562.0
5201,50,13,0,2,45,4.6,7340.0
1841,62,73,0,0,49,4.8,2500.0
3224,59,99,1,0,33,4.2,4619.0
5922,24,25,0,0,60,3.8,6418.0
3292,16,19,1,2,46,4.3,4598.0
3259,49,75,1,0,4,3.4,4843.0
4712,37,44,0,2,57,3.9,6553.0
2489,41,92,1,2,30,4.0,4131.0
3762,24,15,1,2,41,3.2,5181.0
3982,94,28,0,1,17,3.1,5353.0
2451,79,68,1,1,3,4.5,4160.0
2222,74,62,0,2,13,4.1,3409.0
4889,13,17,1,2,44,3.7,6862.0
3579,20,87,1,1,48,3.9,5091.0
4217,35,19,0,1,36,4.9,5366.0
3832,70,76,0,2,18,3.8,6067.0
4876,46,47,0,1,23,3.2,6296.0
3000,32,38,0,0,35,3.9,3497.0
1785,94,24,0,2,49,4.3,2903.0
4995,100,96,0,2,33,3.0,8329.0
3565,49,32,1,1,51,3.7,4890.0
2268,86,91,0,0,54,3.8,3179.0
4557,32,55,1,1,36,3.9,6261.0
5789,25,92,0,0,17,3.6,7013.0
3661,70,37,1,0,39,4.3,5097.0
4793,77,35,1,2,34,4.9,7805.0
2446,89,19,0,0,12,4.8,3274.0
4835,40,56,1,2,5,4.3,8187.0
5650,62,13,1,0,48,4.0,7155.0
2981,34,64,1,2,40,4.7,4671.0
3401,53,75,0,0,55,4.7,4431.0
4951,21,76,0,1,27,4.7,6841.0
5564,99,16,1,0,60,3.3,7621.0
1554,18,64,0,1,40,3.1,1892.0
3323,21,89,0,0,13,5.0,4136.0
4962,78,40,1,0,26,4.9,6957.0
4579,63,83,1,2,14,4.1,7497.0
2332,63,28,0,0,32,5.0,2875.0
5908,37,37,0,0,11,4.5,6916.0
4306,65,90,0,0,38,4.0,5808.0
3990,78,37,1,1,16,3.8,5891.0
1827,86,28,0,2,55,4.2,2621.0
4810,67,96,0,2,57,4.0,7665.0
4800,87,29,0,0,22,5.0,6295.0
5175,84,22,1,0,57,4.0,7126.0
4554,51,86,1,1,47,4.7,7073.0
3643,47,52,1,0,16,4.6,4691.0
2811,77,20,0,2,13,3.1,3928.0
4691,62,57,0,2,12,3.2,6856.0
4038,42,24,1,1,18,4.3,5705.0
5483,80,26,0,1,29,3.5,7476.0
1664,65,63,0,2,18,4.3,2812.0
5777,81,59,0,1,46,3.3,8320.0
2322,60,37,1,0,2,3.8,3363.0
2443,83,92,0,0,54,3.2,3293.0
5925,52,13,0,1,2,3.6,8279.0
2274,24,31,1,2,3,3.2,3647.0
3698,47,95,0,1,29,4.9,5465.0
4656,24,48,1,2,56,3.8,6890.0
5742,14,43,0,1,8,4.8,7431.0
5195,92,53,1,1,11,4.9,8170.0
4952,63,51,1,1,12,4.8,7519.0
2414,60,49,0,0,32,3.9,3028.0
2808,19,21,0,0,4,4.6,3417.0
5677,21,11,1,2,9,3.3,7706.0
2013,13,37,0,1,24,3.2,2295.0
3420,27,83,1,0,49,4.8,4730.0
5094,89,95,0,1,56,3.1,7742.0
2909,45,90,0,2,16,4.9,4568.0
4690,34,99,0,0,17,4.3,6184.0
5991,96,76,0,2,47,3.8,9619.0
3055,85,80,1,0,52,3.3,4383.0
2304,45,81,1,1,58,4.4,3414.0
2779,76,93,0,2,22,4.1,4350.0
5077,18,85,0,0,7,4.4,6774.0
4401,70,90,0,0,10,3.8,5812.0
2887,62,19,0,1,29,3.1,3554.0
4261,27,95,0,2,36,3.6,6227.0
4179,52,66,1,2,24,3.6,6625.0
3606,44,95,1,2,56,3.0,5984.0
5723,72,46,0,1,46,3.0,7693.0
4268,87,86,1,0,14,3.7,6411.0
5453,13,100,1,0,14,4.5,7329.0
4686,50,73,0,2,25,4.2,7124.0
4780,54,88,1,0,46,3.5,6675.0
4073,59,95,1,2,22,4.2,6647.0
4099,88,49,1,1,52,4.3,6209.0
5533,37,69,1,1,50,4.0,8055.0
1736,51,57,0,1,47,4.0,2360.0
2804,89,28,1,2,23,3.7,4339.0
4930,85,81,1,0,32,3.2,7124.0
2801,78,42,1,1,26,3.8,4230.0
4041,10,53,0,2,51,3.7,5364.0
3551,48,46,1,2,27,4.2,5471.0
1941,99,98,1,1,45,4.7,3405.0
3576,26,45,1,1,12,3.8,4940.0
4680,100,90,0,1,19,4.4,7436.0
4157,97,97,0,0,19,4.6,5975.0
5298,44,30,0,0,52,3.4,6201.0
2304,55,11,0,2,34,4.8,3156.0
1574,51,40,0,1,32,3.1,2129.0
3675,48,39,1,1,29,4.8,5195.0
5424,99,85,0,0,21,3.3,7612.0
3589,58,53,1,1,35,3.7,5285.0
1540,71,21,0,2,42,4.2,2316.0
3581,47,60,0,1,5,4.8,5280.0
3122,32,58,0,0,12,3.5,3711.0
1841,31,33,1,2,7,4.5,2987.0
5552,13,33,1,2,41,4.4,8140.0
3574,58,69,1,1,2,3.3,5692.0
2145,68,20,0,2,25,4.0,2969.0
5763,82,22,0,1,10,4.0,7696.0
2109,77,100,0,1,38,3.6,3130.0
1954,80,81,0,0,44,4.6,2638.0
4453,96,83,0,2,6,4.9,7956.0
3208,11,81,0,1,27,4.4,4187.0
4972,58,73,1,1,35,4.9,7739.0
4469,97,29,1,1,10,3.1,6658.0
4528,40,81,0,2,9,3.1,6790.0
4181,49,82,1,2,20,4.8,6902.0
5129,57,80,1,2,37,4.8,8410.0
5725,60,87,1,1,35,3.2,8697.0
4567,52,37,0,2,37,3.7,6692.0
2886,64,11,0,1,40,4.7,3895.0
5276,97,52,0,2,8,3.3,8372.0
4366,58,17,0,2,46,3.5,6169.0
4863,99,22,1,1,56,4.4,7327.0
5624,89,94,0,2,54,5.0,9559.0
1648,66,44,0,1,31,4.6,2335.0
5350,86,32,0,2,49,4.6,8273.0
3558,24,55,1,2,43,3.7,5339.0
2636,36,24,1,2,58,4.3,3799.0
1686,77,11,1,2,16,3.2,2618.0
4354,89,70,1,0,28,5.0,6624.0
2750,73,85,1,1,6,4.0,4749.0
2833,39,73,0,0,32,4.3,3585.0
5693,45,61,1,2,28,4.8,8963.0
5650,76,45,1,2,11,3.0,9136.0
4211,95,76,0,1,42,5.0,6575.0
3285,95,78,0,1,23,3.7,4753.0
2250,58,76,0,1,30,3.7,3253.0
3262,85,56,1,1,9,3.3,4940.0
5420,64,92,0,2,28,4.7,8682.0
5960,94,11,1,1,24,4.7,8796.0
1981,65,53,0,0,59,3.0,2466.0
1653,77,73,1,1,28,3.1,2421.0
3024,53,90,1,1,24,4.8,4599.0
3620,40,87,1,0,15,3.2,4935.0
3843,67,37,1,0,39,4.2,5080.0
2740,96,100,0,0,50,4.2,3988.0
1560,62,63,0,0,33,4.7,2029.0
2438,93,83,1,1,47,4.1,4178.0
3139,88,76,0,0,34,3.9,4218.0
5620,32,45,1,2,22,4.9,8551.0
5726,37,72,0,1,29,3.5,7595.0
5069,25,34,0,2,34,3.5,7001.0
2752,46,95,1,1,42,3.2,4139.0
5703,30,57,1,1,52,5.0,8133.0
1671,88,48,0,2,47,4.4,2685.0
2958,26,56,1,0,10,3.0,3602.0
5049,46,30,0,0,51,4.4,5824.0
5697,86,39,0,2,54,3.8,8705.0
3822,28,40,0,0,60,4.9,4478.0
3136,39,35,1,1,60,3.6,4231.0
4615,54,31,1,1,45,4.4,6598.0
5590,27,30,0,1,30,4.3,7172.0
4504,87,10,1,0,56,3.0,5934.0
1829,71,46,1,0,11,4.8,2334.0
5140,45,86,0,2,54,3.3,7862.0
5394,93,94,1,1,34,4.3,9061.0
5607,61,55,1,2,21,4.6,9094.0
2841,28,18,0,0,59,4.3,3166.0
5163,53,26,1,2,13,3.2,7587.0
1715,16,56,0,0,54,5.0,1923.0
1838,53,94,1,1,25,3.5,2769.0
5562,77,68,1,1,54,4.3,8553.0
4208,43,63,0,0,58,4.6,5182.0
4652,75,95,0,0,21,4.9,6502.0
3250,78,21,1,0,1,4.2,4699.0
3921,64,73,0,1,58,3.5,5675.0
2209,19,15,0,0,5,4.7,2702.0
5226,51,62,1,1,53,3.3,7623.0
5142,50,25,0,2,22,3.0,7173.0
5493,86,99,1,1,7,4.8,9805.0
1988,78,14,1,2,13,4.2,3112.0
1546,19,82,0,1,45,3.1,2116.0
4859,19,55,1,1,52,4.2,6814.0
1900,100,23,0,0,23,3.3,2213.0
5490,69,53,1,1,21,3.1,7932.0
4657,60,72,0,0,6,3.2,6461.0
5845,30,61,0,0,20,4.6,6943.0
1890,17,35,1,0,12,4.5,2232.0
5353,74,62,0,1,40,4.2,7604.0
5930,87,38,0,0,9,3.4,7526.0
2128,94,28,0,2,50,4.5,3125.0
5732,39,56,1,2,28,3.8,8783.0
4430,94,17,1,1,11,4.0,6716.0
3021,58,32,0,0,52,4.8,3673.0
2326,18,44,0,2,32,3.9,3235.0
3000,26,62,1,1,11,4.3,4228.0
4794,78,67,1,1,24,4.9,7521.0
3919,67,14,1,1,56,3.9,5506.0
2434,66,25,0,1,15,4.1,3318.0
4542,71,26,1,1,41,4.2,6502.0
5997,61,41,0,0,35,3.5,7315.0
2966,70,61,1,0,17,4.5,4108.0
5061,49,29,0,0,25,4.5,6079.0
2114,47,75,1,0,49,3.4,2738.0
2682,52,93,0,1,35,3.0,3836.0
4723,72,91,1,1,19,5.0,7587.0
4167,28,10,1,2,41,4.2,5832.0
1630,59,67,0,2,31,3.4,2622.0
4483,42,92,1,0,17,3.6,6215.0
5778,22,53,1,1,55,4.2,7871.0
5959,87,15,1,2,50,3.3,9342.0
1538,71,59,1,2,23,3.1,2309.0
5459,52,81,0,2,47,4.6,8246.0
5087,58,97,0,2,1,4.4,8839.0
2420,45,29,1,0,58,3.6,2918.0
4269,19,23,0,1,10,3.1,5142.0
5611,15,14,0,0,8,4.0,6067.0
1992,66,50,0,2,42,3.6,2870.0
2631,10,49,0,2,26,3.8,3768.0
5021,80,43,0,1,34,3.5,6981.0
1810,67,89,1,1,19,3.4,2802.0
2238,100,54,0,0,14,3.8,2917.0
4741,30,80,1,1,8,4.9,6883.0
2045,89,89,0,0,51,3.5,2609.0
3961,65,80,1,0,1,3.7,6022.0
5846,96,36,1,2,48,3.7,9701.0
3304,29,87,1,0,25,4.0,4330.0
4712,63,87,0,2,24,4.7,7371.0
5310,34,53,0,0,47,3.8,6142.0
2313,37,42,1,0,20,4.6,2840.0
5624,14,42,1,1,56,3.2,7479.0
3532,30,53,0,1,30,4.8,4527.0
5913,27,29,0,2,5,3.4,8711.0
1744,56,45,1,1,3,3.1,2672.0
1771,79,16,0,0,32,3.3,2233.0
5011,66,41,0,2,17,3.4,7268.0
3271,28,76,0,2,42,4.0,4723.0
2762,74,48,0,2,5,3.9,4430.0
3924,12,33,0,0,11,4.4,4256.0
5861,51,95,0,1,38,3.1,8174.0
2420,30,79,1,2,4,4.0,4095.0
4930,49,97,1,0,39,3.7,7082.0
5935,76,96,1,1,19,4.3,9502.0
5984,34,63,1,1,39,3.1,8516.0
4124,64,47,1,2,46,3.1,6555.0
5260,93,83,1,0,49,3.9,7838.0
3550,61,89,0,1,23,4.6,5281.0
5000,53,84,0,0,17,4.3,6538.0
2665,94,41,1,1,13,3.0,3873.0
1875,65,54,1,2,27,3.4,2978.0
3533,64,70,1,2,1,3.5,6212.0
1645,96,79,0,1,2,3.8,2871.0
5888,79,97,0,0,18,4.2,8100.0
1931,86,62,0,1,36,3.4,2824.0
2204,96,60,0,0,45,3.8,2852.0
4132,82,85,1,1,33,4.2,6745.0
5994,90,65,1,2,36,3.8,10222.0
2463,75,36,1,0,2,3.3,3493.0
3734,28,47,1,2,4,4.0,6257.0
3541,92,71,0,0,16,3.6,4913.0
3328,16,27,0,1,4,4.7,4641.0
3608,72,73,1,2,57,4.6,6204.0
5568,51,86,0,2,9,3.4,8573.0
2438,51,39,0,0,49,3.3,2851.0
2306,68,58,0,0,21,3.7,3087.0
2963,29,50,0,0,23,3.8,3355.0
4915,82,22,1,2,52,4.9,7818.0
1510,26,43,0,1,60,3.6,1851.0
3368,36,34,1,0,53,4.7,4312.0
2384,56,75,0,1,2,4.0,3568.0
5064,11,27,0,0,3,4.8,6091.0
2889,72,14,1,1,23,4.4,4048.0
4901,71,28,1,0,26,4.4,6524.0
5821,28,51,0,1,47,4.0,7499.0
2324,26,27,0,2,7,4.7,3413.0
3765,78,41,1,0,36,3.5,4997.0
2436,48,30,0,0,44,4.8,2950.0
4300,91,19,0,2,33,4.3,6665.0
4053,80,46,1,0,49,3.9,5570.0
5345,90,58,0,0,36,5.0,7364.0
3296,48,95,0,2,4,4.7,5579.0
1553,45,22,0,2,54,4.5,2244.0
2226,49,64,0,1,23,3.5,3093.0
4236,54,26,0,2,25,4.9,6119.0
4670,13,18,1,2,41,4.5,6514.0
3413,34,97,0,0,26,4.2,4242.0
3096,78,53,1,2,28,4.8,5242.0
3414,39,87,1,0,28,3.3,4669.0
3966,85,55,0,2,21,3.3,6206.0
4237,77,17,1,2,10,4.1,6694.0
2349,97,46,0,1,27,3.1,3459.0
3609,38,28,1,2,51,4.3,5412.0
1502,82,72,1,2,51,3.5,2359.0
5755,77,55,1,0,15,3.2,7956.0
5569,60,80,0,0,54,3.8,7419.0
2392,33,35,1,1,17,3.9,3300.0
3530,23,55,1,2,39,3.3,5119.0
4660,78,55,1,0,35,3.1,6493.0
3876,27,84,0,2,5,3.8,6401.0
3433,51,23,0,1,16,4.5,4411.0
2880,66,94,1,0,23,4.7,4253.0
5181,92,72,1,0,39,3.2,7555.0
2790,21,81,1,1,48,4.0,4009.0
3140,91,12,1,2,9,3.5,5022.0
4182,26,37,0,0,33,3.7,4671.0
2487,39,38,0,0,35,4.9,3025.0
2718,97,96,0,1,57,3.7,4308.0
2855,84,27,1,1,40,3.7,4178.0
5765,32,44,0,1,50,3.4,7391.0
5635,90,86,1,2,24,4.9,9849.0
3060,10,85,1,2,24,3.9,4536.0
2918,88,56,1,2,50,4.1,4734.0
2454,41,14,0,1,24,3.9,3096.0
2483,18,84,1,0,19,3.5,3029.0
2474,24,68,0,2,39,4.6,3587.0
5633,37,84,1,1,25,3.1,8106.0
5472,33,68,0,2,52,4.4,7789.0
2413,69,56,1,0,31,4.2,3409.0
1536,44,22,0,0,59,3.3,1598.0
4887,95,87,1,1,38,3.3,8094.0
3211,36,98,0,0,25,4.3,4301.0
4520,92,42,1,1,27,3.6,6859.0
2295,85,71,1,1,32,3.5,3372.0
5536,29,88,1,1,11,3.1,8007.0
4611,74,25,0,1,5,4.5,7065.0
2824,94,53,1,0,44,4.8,4218.0
1817,58,67,1,0,33,4.6,2636.0
3896,10,15,1,0,19,3.9,4625.0
3662,19,98,0,0,43,4.1,4419.0
4245,56,24,1,1,47,3.5,6011.0
3091,68,13,1,1,57,3.3,4501.0
4611,71,65,0,0,16,4.6,6013.0
5430,95,73,1,2,35,4.6,9373.0
3496,27,77,0,2,11,4.6,5300.0
2812,55,43,1,2,11,3.9,4515.0
2785,41,100,0,0,10,4.7,3575.0
5811,36,65,0,1,34,4.9,7759.0
3883,27,41,0,1,52,3.7,4870.0
4739,48,18,1,2,5,3.4,7464.0
3639,58,72,1,2,23,3.9,5815.0
3204,91,81,0,1,55,3.4,4704.0
1862,53,87,1,2,25,4.8,3206.0
4104,81,42,1,2,29,3.7,6763.0
3216,63,96,0,1,40,4.2,4839.0
5951,43,30,0,2,13,4.2,8294.0
5786,80,64,0,2,47,4.0,9035.0
5238,45,85,0,0,32,3.3,6555.0
3969,27,66,1,2,34,5.0,6211.0
2056,47,11,1,0,12,3.3,2577.0
2325,68,22,1,1,24,4.5,3304.0
4308,18,13,1,0,40,4.6,4986.0
4219,82,93,1,1,21,3.3,6859.0
5008,81,59,1,0,29,4.9,7309.0
5241,60,57,0,0,51,4.0,6632.0
3074,44,87,1,0,57,4.3,4156.0
5498,91,39,1,2,60,4.3,9147.0
3629,14,38,1,2,23,4.0,5231.0
3903,23,17,0,2,33,3.3,4887.0
4829,39,21,0,2,8,4.5,6645.0
2088,13,50,1,2,42,4.2,3120.0
3512,48,35,0,0,13,3.2,4070.0
3047,93,59,0,2,5,4.4,5309.0
1794,73,11,1,1,54,4.4,2611.0
3485,34,64,1,0,41,4.1,4458.0
4617,37,65,1,0,10,3.2,6059.0
3190,85,23,0,1,14,3.7,4435.0
2636,75,15,0,2,24,3.1,3766.0
3564,87,90,1,1,11,4.0,5748.0
5955,31,98,0,0,46,4.8,7674.0
2507,40,70,0,0,3,3.0,3511.0
4014,32,21,0,0,29,3.5,4472.0
5026,57,22,1,1,53,4.6,7132.0
2747,29,28,1,2,48,3.0,3999.0
5402,47,53,1,0,52,3.0,7032.0
2935,64,98,1,2,30,4.2,4968.0
2071,77,68,1,0,49,4.6,2846.0
3882,88,46,0,2,37,4.6,6075.0
2745,97,34,0,1,58,4.6,4013.0
3584,98,25,0,0,7,3.7,5091.0
1777,10,47,0,0,17,4.8,1965.0
3387,16,52,0,0,20,3.0,3754.0
2765,66,96,0,1,54,3.6,4142.0
2540,21,23,1,1,11,3.7,3149.0
2417,14,15,1,2,44,3.3,3267.0
2385,59,98,0,1,25,3.7,3474.0
4252,51,32,1,0,59,4.2,5595.0
1521,21,69,0,2,24,4.0,2350.0
4691,27,21,0,1,2,3.6,6396.0
3853,75,22,1,2,27,4.5,6025.0
2186,83,15,1,2,19,4.4,3283.0
1784,88,72,0,2,58,3.6,3022.0
5247,26,47,1,0,29,3.6,6443.0
2262,77,59,0,0,37,3.6,2945.0
3928,80,61,0,1,11,3.3,5564.0
4007,71,49,0,0,55,4.5,5134.0
1528,50,17,0,2,19,3.1,1979.0
2406,43,70,0,2,28,3.3,3704.0
4604,79,17,1,0,39,3.2,5928.0
5499,54,43,0,2,21,4.7,8119.0
4494,67,88,1,0,26,3.1,6319.0
4006,60,69,0,2,22,4.3,6193.0
5109,43,66,1,1,6,3.1,7959.0
5053,53,55,0,1,11,4.6,6904.0
2953,24,31,1,0,59,4.8,3762.0
4856,87,96,0,0,14,4.0,6788.0
2015,79,49,0,0,60,4.6,2772.0
1538,59,54,1,0,36,4.4,1969.0
4842,41,64,1,0,60,4.6,6466.0
2386,76,60,1,2,40,4.5,3869.0
4344,12,95,1,1,41,3.4,6172.0
3704,95,14,1,2,2,4.0,6272.0
2598,95,22,1,1,57,4.9,4008.0
3323,83,37,0,2,43,3.7,5086.0
4701,60,93,0,2,60,4.9,7642.0
4655,76,89,0,2,20,4.2,7570.0
4593,85,71,1,0,22,3.9,6730.0
5030,57,96,1,1,39,4.3,7900.0
5278,26,33,1,0,4,4.6,7214.0
4396,16,16,0,0,56,3.8,4830.0
4953,22,47,1,2,29,3.1,7294.0
5011,75,46,0,1,46,4.4,7285.0
2488,13,77,1,1,58,4.9,3718.0
5616,19,51,1,1,24,4.2,7726.0
5526,97,95,1,1,1,3.4,9779.0
5679,26,14,0,0,24,3.5,6191.0
3182,61,73,1,0,58,4.8,4656.0
5463,15,59,0,1,30,3.0,6651.0
2433,92,96,1,0,12,4.1,3828.0
5098,78,24,1,1,19,3.3,7381.0
4733,83,82,1,0,37,3.6,7002.0
3480,18,62,1,2,58,3.6,5127.0
3355,100,34,0,2,40,3.4,5084.0
4556,86,98,1,1,43,4.6,7510.0
2292,92,94,0,1,54,3.7,3594.0
2291,30,18,1,0,4,3.7,2920.0
3309,33,47,1,1,15,3.9,4556.0
3755,13,31,1,1,20,4.8,4873.0
5110,33,96,0,0,44,4.4,6580.0
3107,68,58,1,1,20,3.1,4793.0
2484,12,77,0,1,54,3.1,3137.0
5176,77,24,0,2,55,4.1,7729.0
4880,49,74,1,2,21,4.8,7945.0
2019,57,63,0,2,10,3.6,3052.0
2090,63,39,1,1,30,3.5,2946.0
2550,44,29,0,0,24,4.5,3063.0
5133,65,42,0,2,48,4.2,7610.0
5944,98,95,0,1,55,4.1,9407.0
2459,49,86,0,2,40,3.3,3667.0
2192,86,16,1,0,52,3.4,3007.0
5399,77,17,0,0,40,3.6,6738.0
5973,55,37,1,0,38,3.4,7833.0
4446,87,54,0,0,3,4.9,6459.0
2026,22,82,1,0,29,3.0,2512.0
4724,36,98,1,0,8,4.3,6605.0
3753,15,89,0,1,29,4.0,5000.0
4844,26,83,0,2,55,3.6,7104.0
5465,45,20,1,0,10,4.8,7046.0
3375,90,40,0,2,5,4.3,5670.0
3263,11,21,0,2,11,5.0,4275.0
2020,86,87,0,1,4,3.3,3286.0
2516,61,60,0,0,49,3.2,3291.0
1616,75,53,0,0,58,3.3,2058.0
3933,61,59,0,1,35,3.5,5615.0
2083,52,26,0,1,50,3.8,2780.0
1894,99,44,0,1,40,4.7,2859.0
5288,31,10,0,1,56,3.6,6304.0
4268,64,38,1,1,12,4.8,6266.0
5667,76,60,0,2,21,3.9,8794.0
5360,69,73,0,1,16,4.3,7721.0
1773,67,13,0,0,14,3.5,2211.0
3513,21,96,0,0,21,3.3,4314.0
5933,97,37,0,1,48,4.7,8538.0
2889,78,25,1,1,27,3.2,4195.0
5066,93,72,1,1,36,4.5,8094.0
1665,48,85,0,1,1,4.2,2637.0
3067,22,62,1,1,1,4.7,4681.0
2228,50,94,0,0,22,4.4,3126.0
3543,66,26,0,2,15,3.6,4965.0
5697,62,49,1,1,52,4.1,8350.0
4996,21,22,1,1,20,3.0,6452.0
2278,22,61,1,1,3,4.0,3425.0
1713,83,67,1,0,14,3.2,2207.0
5262,66,46,1,0,9,3.9,7301.0
3076,49,88,0,2,19,3.2,4739.0
3948,89,85,0,2,40,4.9,6399.0
4436,54,70,0,2,34,4.0,6598.0
4617,44,88,1,2,4,4.8,8040.0
2091,12,43,0,0,33,3.0,2267.0
4220,14,79,1,2,43,4.3,6637.0
2213,99,26,0,1,37,3.6,3089.0
2435,20,29,1,0,2,3.9,3204.0
5837,80,82,1,0,27,4.7,8725.0
1501,65,68,0,0,45,5.0,2021.0
4348,19,78,0,1,17,3.5,5683.0
5544,43,96,0,0,49,4.9,7385.0
3449,76,42,0,1,50,4.4,4659.0
2417,81,87,1,2,53,4.9,4249.0
4674,40,26,0,0,60,4.1,5512.0
3741,84,66,1,1,31,4.9,5796.0
1589,80,92,0,0,41,4.8,2196.0
3209,75,10,0,2,6,3.3,4806.0
3669,79,22,0,0,60,3.6,4467.0
5738,50,36,0,2,52,3.5,8091.0
4541,72,79,0,0,31,4.1,6246.0
1605,41,68,1,1,3,4.6,2530.0
2386,29,15,0,2,40,4.5,3261.0
1927,66,32,1,0,3,4.5,2971.0
3395,59,19,0,2,33,3.8,4598.0
1816,89,60,1,2,52,3.3,3038.0
2134,34,28,0,1,59,3.4,2548.0
3425,21,60,0,1,13,4.5,4355.0
3556,80,96,0,1,21,3.3,5221.0
4644,48,77,1,1,37,3.4,6806.0
3770,26,93,1,2,16,3.8,5868.0
2939,54,92,0,2,21,3.1,4470.0
2052,20,51,0,0,56,3.4,2430.0
2215,79,100,0,0,48,3.3,3104.0
5411,32,66,1,0,56,4.9,7476.0
3213,100,77,0,1,44,3.4,4861.0
4889,79,47,1,2,13,4.7,8108.0
2607,47,71,0,2,4,3.2,4319.0
5706,11,16,1,0,31,4.7,6579.0
1750,95,80,1,0,9,4.2,2754.0
3930,93,59,1,2,48,4.7,6605.0
3554,98,61,0,1,33,4.7,5382.0
1958,88,35,1,0,37,4.2,2823.0
1707,81,35,0,0,53,4.8,2013.0
2399,46,28,1,2,37,4.2,3593.0
4961,58,18,0,2,24,4.4,7073.0
4885,61,70,1,0,25,3.8,6647.0
1521,42,29,1,0,51,4.8,1982.0
1909,31,59,0,1,41,4.6,2705.0
2394,14,89,0,1,29,3.3,3045.0
2014,27,90,1,1,59,4.2,3079.0
5609,47,31,1,1,40,4.8,7988.0
3634,46,22,0,0,51,4.6,4118.0
5095,73,21,1,0,50,4.9,6801.0
4456,19,19,1,0,47,3.5,5236.0
3060,88,74,0,1,36,3.7,4679.0
2766,51,39,0,0,15,4.0,3406.0
3669,57,17,0,2,45,3.5,5069.0
5138,53,30,1,1,60,3.8,7251.0
2249,91,31,1,2,18,4.1,3384.0
4927,96,27,1,1,20,3.4,7456.0
3427,25,75,0,0,5,3.5,4469.0
5304,63,57,1,1,18,3.2,7678.0
5202,44,53,0,2,60,4.4,7574.0
3856,37,18,0,1,40,3.7,4646.0
3835,11,76,1,2,1,3.4,6234.0
1806,22,63,0,0,19,4.0,2234.0
5165,50,35,1,2,23,3.1,7594.0
3489,89,94,0,0,26,4.8,4971.0
2161,68,35,0,2,49,3.6,3155.0
1811,78,43,0,0,29,4.8,2404.0
4420,62,17,1,2,59,4.0,6722.0
2582,54,19,0,0,34,4.7,3162.0
4471,29,57,1,0,19,3.5,5816.0
2254,33,64,0,0,48,3.4,2792.0
5630,70,63,0,2,18,4.7,8679.0
1852,100,87,0,2,2,3.4,3485.0
2402,67,49,1,0,60,4.5,3188.0
5388,36,24,1,1,27,3.7,7327.0
1658,35,90,1,0,6,4.5,2616.0
3477,16,27,1,1,39,4.8,4835.0
2456,51,32,1,0,6,5.0,3647.0
3571,56,71,0,2,59,3.7,5321.0
1903,62,55,0,1,6,3.7,2957.0
4279,68,96,1,2,31,5.0,7361.0
2887,47,48,1,1,41,4.7,4291.0
4953,78,24,1,1,40,3.1,7136.0
2455,96,62,1,1,30,4.1,4032.0
3212,62,97,0,1,56,3.4,4663.0
2773,24,73,1,2,54,5.0,4443.0
5311,35,72,1,1,21,3.3,7534.0
4125,57,89,1,0,41,4.1,5974.0
3882,28,25,1,0,44,4.3,4537.0
2941,18,79,0,1,18,4.9,4019.0
4479,73,75,0,2,23,4.7,7142.0
3297,63,22,1,2,38,3.5,5046.0
5890,60,56,0,1,23,4.1,7915.0
5509,48,18,0,2,28,4.9,7744.0
2894,13,72,1,2,36,4.5,4537.0
5781,12,43,1,2,25,4.4,8368.0
2769,73,90,0,1,7,4.5,4346.0
5214,38,100,0,0,18,3.6,6573.0
2029,20,38,0,0,20,4.5,2425.0
5123,67,46,0,0,5,3.5,7081.0
4458,84,52,0,0,18,3.9,5973.0
4414,36,95,1,0,42,4.8,6234.0
5091,30,73,0,2,40,3.0,7205.0
3647,48,33,0,2,33,3.8,5353.0
4869,55,80,0,2,15,3.5,7346.0
2439,75,43,0,1,35,3.4,3274.0
2025,100,57,0,2,47,4.7,3305.0
1501,45,21,0,0,46,4.4,1788.0
1874,84,32,0,2,1,3.2,3124.0
3840,91,88,0,0,21,4.0,5343.0
5505,74,22,1,2,8,3.9,8743.0
4552,72,96,1,0,7,3.3,7131.0
3865,44,54,0,2,41,4.6,5570.0
3025,40,74,1,0,50,3.7,3850.0
5976,37,56,1,0,44,4.5,7823.0
3146,10,67,1,1,40,3.4,4365.0
1513,34,14,1,2,40,3.6,2253.0
3778,52,86,1,0,30,3.2,5239.0
4655,93,14,1,2,38,3.3,7304.0
1629,76,69,0,0,35,4.8,2317.0
5314,72,30,0,1,2,3.2,7798.0
4716,60,33,1,1,46,3.2,6699.0
4438,11,27,0,1,8,4.9,5298.0
5428,91,30,1,1,38,4.3,8015.0
3540,73,63,0,0,4,3.2,5095.0
1527,83,19,0,2,37,4.9,2552.0
3613,78,33,0,1,21,3.3,4958.0
2752,18,94,1,1,13,4.5,4111.0
5856,11,98,0,1,9,3.1,7796.0
3546,43,69,0,2,45,4.2,5280.0
5523,69,66,1,0,29,4.1,7593.0
5896,70,32,1,0,41,3.4,7855.0
4874,40,31,0,0,56,4.3,5834.0
4966,19,77,1,0,24,4.2,6523.0
4581,85,43,0,2,16,4.6,7078.0
5278,45,79,0,2,12,4.8,8101.0
2129,94,37,1,2,2,4.0,3778.0
1769,58,48,1,1,19,4.0,2715.0
4139,79,51,0,2,30,4.2,6402.0
3493,58,32,1,0,16,4.5,4680.0
4391,12,79,0,2,24,3.7,6338.0
4932,83,89,1,1,13,4.0,7976.0
2780,14,11,1,0,5,4.2,3594.0
3860,99,33,1,2,23,5.0,6319.0
2075,70,26,1,0,56,4.2,2808.0
2807,94,74,1,0,38,3.4,4210.0
4692,99,79,0,2,31,4.2,7570.0
4678,35,78,0,2,53,4.6,7039.0
4234,81,69,0,1,56,4.7,6248.0
3712,14,59,1,2,17,4.6,5363.0
3852,24,21,0,2,49,4.8,5271.0
5068,25,56,0,2,49,3.7,7254.0
3155,10,76,1,0,3,4.0,4436.0
3079,25,74,1,1,26,4.6,4238.0
3703,46,36,1,0,13,3.5,4747.0
2890,12,57,0,2,44,3.7,4083.0
3242,61,97,0,1,38,4.7,4720.0
3425,56,71,1,2,22,4.5,5567.0
2119,22,53,0,0,21,4.9,2470.0
2774,89,28,0,0,29,5.0,3621.0
2456,64,68,1,2,45,3.5,3945.0
3439,30,17,0,1,46,4.8,4420.0
5453,75,64,1,0,39,3.2,7722.0
3881,63,56,0,2,5,4.4,6329.0
2468,36,11,1,2,14,3.4,3676.0
2816,47,48,0,2,18,3.6,3893.0
2543,99,54,0,1,4,4.9,4053.0
1781,67,41,1,2,33,3.5,2869.0
4344,71,74,1,2,39,4.3,7262.0
2558,55,47,1,0,20,3.4,3376.0
5793,98,86,1,2,13,3.2,10078.0
4032,20,20,0,1,36,3.7,4787.0
5328,81,19,1,2,45,4.2,8553.0
2508,17,68,1,1,4,3.5,3866.0
2729,80,99,1,2,35,3.6,4699.0
2535,73,64,1,2,8,4.4,4297.0
1775,30,29,1,2,52,3.2,2623.0
4240,81,90,0,1,40,3.9,6322.0
3789,72,26,1,0,57,4.9,5092.0
2739,94,77,1,1,49,3.8,4272.0
1625,73,14,1,0,47,3.9,2064.0
5565,29,69,0,1,36,4.5,7435.0
5812,17,32,0,2,6,4.6,8655.0
5368,67,55,0,2,56,4.5,8103.0
2708,55,61,1,0,22,5.0,3747.0
4749,40,19,1,0,60,3.1,5702.0
2418,18,55,0,1,6,5.0,3382.0
5423,24,37,0,1,42,4.9,6955.0
5903,35,52,1,0,36,4.7,7722.0
3469,19,35,1,0,9,3.9,4192.0
4293,38,64,1,1,16,4.7,6307.0
2391,89,57,0,0,39,3.4,3027.0
5970,45,38,1,0,46,4.6,7639.0
3533,93,36,1,0,59,3.4,4858.0
2864,46,27,0,0,38,4.6,3366.0
1628,95,69,0,2,33,4.2,2706.0
2514,80,83,0,2,18,3.2,3912.0
3299,32,78,1,0,12,4.8,4396.0
3018,50,83,0,1,54,4.2,4367.0
5681,89,30,0,2,27,4.3,8555.0
2698,37,33,1,1,47,3.6,3780.0
5373,57,12,1,1,1,4.7,8216.0
3974,47,71,0,2,15,4.1,5871.0
4985,40,11,1,1,47,3.8,6530.0
5549,23,75,0,1,27,4.1,7334.0
5219,82,51,1,0,16,4.4,7434.0
1802,100,43,1,0,21,4.4,2595.0
5452,97,51,0,0,1,3.7,8063.0
2486,86,29,0,2,29,3.8,3825.0
3363,99,77,0,0,3,4.1,5223.0
5940,38,54,1,1,12,4.8,8627.0
4572,60,84,0,1,60,4.5,6555.0
4624,58,51,1,1,28,3.8,6815.0
2827,52,56,1,1,39,3.7,4311.0
3908,81,14,0,1,37,4.0,5356.0
5173,96,98,1,2,31,4.7,9213.0
4791,14,58,1,1,60,3.0,6367.0
5533,51,46,0,2,31,4.4,8114.0
2203,16,43,1,1,58,3.6,3009.0
2074,51,82,1,2,33,3.4,3360.0
4732,45,79,0,2,33,3.0,6895.0
4132,36,27,0,1,47,4.8,5361.0
5328,67,87,1,1,40,4.8,8493.0
4730,55,28,1,1,11,3.1,6468.0
1988,75,87,1,1,46,4.0,3230.0
2847,34,49,1,0,29,3.3,3601.0
5181,82,26,0,0,25,4.5,6600.0
4673,36,69,1,2,55,4.3,7389.0
3167,10,51,1,2,13,3.6,4627.0
3137,96,90,1,0,51,3.2,4650.0
5614,83,81,1,2,44,4.7,9717.0
5053,51,74,0,1,54,4.3,7069.0
2500,61,62,1,2,19,3.0,3999.0
2350,34,16,0,2,58,4.3,3168.0
2888,63,14,0,2,36,4.6,4185.0
5212,76,33,0,0,28,4.2,6546.0
2867,15,37,0,0,4,3.8,3430.0
2321,67,71,0,2,3,4.2,3952.0
1954,79,26,1,1,58,4.2,2979.0
3124,62,29,0,2,38,4.3,4588.0
4272,75,12,0,0,37,4.9,5233.0
5226,67,46,0,1,43,3.4,7146.0
4647,91,99,1,2,25,4.2,8138.0
5589,96,24,0,0,41,3.4,7167.0
3690,11,60,1,1,35,3.4,5062.0
2416,85,57,0,2,29,4.3,3788.0
5486,31,17,0,0,41,4.8,6194.0
4375,46,22,1,1,29,3.3,5835.0
2940,29,57,1,2,12,4.9,4599.0
5900,33,12,1,1,35,3.6,7717.0
2235,93,74,0,1,20,3.8,3079.0
5068,74,82,1,1,17,3.3,7851.0
4838,74,40,1,0,53,4.2,6595.0
4515,90,35,1,2,12,4.2,7283.0
4389,10,90,1,1,57,3.9,6321.0
2461,12,65,1,1,50,4.0,3343.0
4489,55,43,0,1,36,4.2,5960.0
5348,64,18,1,0,10,4.2,7043.0
2526,84,71,0,1,18,3.7,3729.0
5365,97,22,1,0,30,4.8,7423.0
4363,95,78,1,0,8,4.3,6528.0
4001,73,50,0,1,41,3.4,5455.0
3447,54,86,0,1,51,3.6,4743.0
2677,35,10,0,0,13,4.6,2861.0
1511,86,98,0,0,31,3.2,2165.0
5899,74,56,1,1,57,4.5,8916.0
4864,33,13,0,0,6,3.7,5867.0
4522,83,72,1,0,54,4.1,6532.0
4871,44,61,1,1,7,3.6,7892.0
4330,33,19,1,1,60,5.0,5940.0
1542,37,37,0,2,21,4.8,2276.0
2443,89,15,0,1,38,4.9,3303.0
3890,25,36,0,1,43,3.4,4847.0
4045,68,21,1,1,49,4.7,5845.0
3911,90,71,0,2,51,4.1,6207.0
2504,63,61,0,0,28,4.4,3197.0
1520,88,57,1,1,57,3.4,2269.0
1906,25,76,0,1,44,4.4,2568.0
2514,24,55,1,2,21,4.8,3814.0
5931,20,83,0,2,21,3.5,8470.0
3338,74,24,0,2,24,3.5,4836.0
4688,88,80,0,0,27,3.2,6441.0
2214,99,45,0,2,27,3.5,3340.0
5646,77,23,0,0,13,4.1,6925.0
5354,52,87,1,1,50,4.7,8261.0
5919,78,12,0,1,29,3.6,7778.0
1640,22,76,0,1,39,4.2,2303.0
2463,19,95,0,2,57,4.0,3742.0
1872,84,28,0,1,55,3.6,2687.0
5135,91,85,0,2,28,4.0,8449.0
4041,50,63,0,0,37,3.3,5062.0
5110,59,78,0,1,29,4.3,7289.0
3192,96,19,1,0,48,3.2,4262.0
1605,80,42,1,2,22,4.5,2568.0
3181,68,22,0,2,36,3.4,4406.0
5597,48,60,1,1,30,5.0,8249.0
5516,12,41,0,1,28,4.6,6822.0
4136,85,84,1,2,23,3.7,7047.0
3637,16,33,0,1,33,3.9,4684.0
4916,58,44,0,1,4,3.5,7132.0
5945,35,92,1,0,3,4.5,8949.0
5030,42,79,0,2,32,3.8,7725.0
2786,57,49,1,0,4,4.5,4049.0
4679,88,63,0,1,1,3.0,7224.0
5154,11,53,0,0,12,3.3,5707.0
3859,80,71,0,2,13,3.7,5988.0
1944,41,77,0,0,34,3.2,2503.0
1535,13,42,1,0,60,4.2,1882.0
2975,29,86,0,1,59,3.1,3868.0
5457,45,65,1,2,29,4.7,8736.0
3298,41,45,1,1,9,4.5,4703.0
3345,37,63,0,1,31,3.4,4273.0
2908,86,28,0,2,7,4.0,4802.0
3208,10,52,1,0,13,3.9,3969.0
4438,69,21,1,1,54,4.4,6254.0
2800,65,20,0,0,2,3.8,3582.0
2743,44,79,1,2,33,3.1,4300.0
5476,39,21,1,1,50,3.5,7287.0
4597,63,100,1,0,7,3.9,7323.0
1509,45,50,0,0,18,4.9,1813.0
3925,64,34,1,1,51,4.8,5725.0
3160,98,12,1,2,8,3.4,4915.0
4131,89,12,1,0,55,4.4,5678.0
2572,67,93,1,2,12,4.9,4325.0
4725,92,37,0,1,43,3.0,6483.0
2816,74,32,0,0,59,4.4,3536.0
5645,78,57,1,0,30,3.9,8019.0
5183,60,76,1,0,59,4.4,7338.0
4773,31,51,1,2,9,4.2,7196.0
1645,97,97,0,0,28,5.0,2355.0
4540,62,49,0,0,4,3.6,6076.0
2962,45,15,1,1,39,4.6,4258.0
3084,77,29,1,0,17,3.5,4266.0
1982,45,20,0,2,11,3.9,2774.0
4679,61,36,1,1,59,5.0,6851.0
2749,62,30,1,1,2,4.5,4210.0
2130,91,22,0,0,23,3.6,2662.0
2161,59,95,0,1,50,4.2,3239.0
5003,89,44,0,0,22,3.1,6492.0
4352,50,56,0,1,26,3.5,5784.0
3966,27,95,0,2,12,4.4,6039.0
2487,31,37,1,0,32,4.1,3222.0
3046,75,30,0,2,9,3.9,4512.0
2149,30,27,0,0,43,4.4,2535.0
2468,53,40,0,2,5,3.8,4046.0
4137,56,69,0,2,26,3.1,6358.0
2600,48,46,0,1,7,3.9,3722.0
1940,38,30,0,0,29,4.8,2314.0
2269,63,23,1,1,33,4.7,3329.0
2843,99,98,0,2,24,3.8,4756.0
5858,94,100,1,0,25,3.0,8941.0
5229,26,69,1,2,31,4.3,8087.0
5406,89,32,0,2,29,4.5,8278.0
3077,69,38,0,2,5,3.6,4803.0
5508,40,56,1,2,38,4.0,8352.0
4851,82,39,1,1,45,5.0,7353.0
3849,87,99,1,2,11,4.2,6467.0
5102,58,93,0,1,32,3.7,7464.0
2741,11,47,1,2,8,4.3,4102.0
2625,57,92,0,0,20,3.4,3499.0
4101,23,36,0,2,34,3.4,5646.0
2690,68,98,1,2,47,4.8,4602.0
5631,67,96,0,0,42,3.5,7579.0
5948,67,24,0,0,8,3.6,7103.0
1572,60,68,1,2,2,4.1,2867.0
3414,93,12,1,2,21,4.8,5246.0
3972,11,19,0,1,15,4.6,4859.0
4546,50,88,1,0,6,3.1,6653.0
2207,92,89,0,0,5,4.4,3385.0
3304,91,26,1,1,54,4.0,4833.0
5213,25,92,1,2,54,4.0,8231.0
4064,13,20,1,2,3,4.4,6234.0
3975,21,57,1,0,43,3.4,4916.0
5110,38,14,0,1,43,5.0,6509.0
5755,16,78,1,2,16,4.3,8877.0
4323,23,73,0,0,35,3.7,5249.0
3235,21,23,0,2,9,4.2,4372.0
3085,14,59,1,2,35,3.4,4385.0
1566,90,35,1,2,19,4.3,2799.0
4561,41,81,1,0,43,3.1,5899.0
3928,83,78,1,1,46,3.7,6202.0
5653,52,16,1,1,34,4.5,7928.0
1841,90,25,0,2,39,4.6,2837.0
4274,78,64,1,1,10,3.5,6500.0
4317,54,87,0,2,10,4.1,6825.0
4161,18,65,0,0,20,4.1,4991.0
2732,58,13,0,0,1,3.8,3525.0
5374,42,57,0,0,6,3.5,7111.0
3901,27,26,1,2,53,4.4,5631.0
2994,18,45,1,1,46,3.5,3931.0
5711,71,79,0,0,59,4.8,7707.0
2161,66,89,0,2,2,4.1,3531.0
5383,38,47,1,1,38,4.7,7651.0
5119,87,71,0,1,33,3.6,7577.0
3368,34,57,1,1,3,4.6,5194.0
3834,24,19,0,2,36,3.2,5032.0
4874,15,45,1,2,13,4.5,7220.0
2516,51,38,0,2,35,3.8,3655.0
5906,38,87,0,0,15,3.9,7430.0
1707,88,13,0,2,45,3.3,2674.0
4165,13,53,1,0,22,3.0,5034.0
3993,91,65,1,0,43,4.3,5697.0
2132,66,51,1,0,4,4.2,3153.0
3602,58,22,0,2,17,4.2,5277.0
4459,53,55,0,0,5,3.5,6164.0
4583,89,91,0,2,21,3.5,7285.0
3431,84,42,0,2,57,4.7,5276.0
5219,23,30,0,0,24,4.5,5819.0
4062,12,89,0,0,31,3.7,4934.0
3179,71,88,1,0,40,4.3,4515.0
1736,73,66,1,2,53,4.7,3050.0
5943,54,78,1,2,56,4.8,9635.0
3040,91,79,0,0,30,3.0,4107.0
5443,67,76,1,0,42,4.6,7660.0
1863,29,57,0,1,7,3.7,2719.0
3868,67,85,0,0,49,4.4,4987.0
1785,98,42,1,1,60,3.7,2726.0
1648,66,45,0,1,7,4.2,2461.0
5537,86,42,0,2,27,4.3,8446.0
3266,77,40,0,2,24,3.8,5029.0
2512,87,30,0,1,19,4.0,3668.0
4331,61,36,0,1,41,4.5,5815.0
4007,46,100,1,0,56,4.0,5663.0
3023,17,81,1,1,34,3.0,4154.0
4285,53,71,0,0,22,3.0,5206.0
4056,14,35,0,2,52,4.3,5354.0
5225,78,75,1,0,51,4.7,7506.0
3101,40,21,1,2,27,4.6,4752.0
3908,54,31,1,1,6,3.6,6030.0
1840,18,26,0,1,10,3.9,2130.0
4317,41,16,1,1,45,3.5,5685.0
3996,42,77,1,0,31,5.0,5411.0
3225,76,46,0,2,25,3.5,4664.0
3189,39,47,0,2,2,3.8,5000.0
4767,85,20,1,2,10,4.4,7603.0
5906,38,10,0,2,10,4.8,8262.0
1761,12,34,1,2,26,3.1,2276.0
2942,99,51,1,0,5,3.6,4688.0
1905,66,61,0,2,22,4.1,2998.0
3690,39,33,0,1,4,4.2,5323.0
5937,18,62,1,2,55,3.1,8820.0
1743,35,65,0,1,34,4.3,2428.0
5607,11,72,0,0,7,4.1,7314.0
2060,71,90,0,0,50,4.7,2747.0
5637,12,17,0,1,17,3.4,6521.0
4225,55,68,0,2,11,3.4,6267.0
2093,77,54,0,0,53,4.6,2859.0
3326,34,36,0,0,50,4.4,3993.0
4729,60,61,1,0,8,4.6,6617.0
4787,22,27,0,2,28,4.6,6512.0
5573,53,100,1,1,60,3.2,8307.0
1633,44,95,0,1,44,3.6,2377.0
4638,64,25,1,2,56,3.5,7186.0
5419,96,75,0,0,33,4.9,7656.0
1572,18,14,1,2,52,4.0,2261.0
5994,11,91,0,2,25,3.2,8457.0
5725,70,12,1,1,21,3.6,8004.0
4478,50,100,0,2,12,4.7,6982.0
5861,53,90,0,2,59,4.7,9157.0
3485,73,89,1,0,26,4.8,5230.0
2292,40,79,1,0,29,3.8,3133.0
5759,56,16,0,1,38,4.3,7351.0
1594,11,59,1,0,35,3.6,2145.0
2633,91,23,1,2,37,3.4,4213.0
1737,86,47,0,2,46,3.0,2571.0
4446,78,88,1,2,44,3.4,7488.0
4030,67,56,0,1,45,4.2,5584.0
3460,53,42,1,0,45,4.8,4630.0
2548,83,52,0,2,29,3.3,3764.0
4029,65,100,1,0,49,4.8,5982.0
4464,52,38,0,0,24,3.7,5412.0
2463,98,66,0,0,59,3.9,3439.0
2036,43,14,1,0,15,3.7,2517.0
5723,39,69,1,1,6,3.8,9074.0
5179,80,79,0,1,32,3.5,7603.0
5687,79,11,0,1,44,4.4,7751.0
5224,64,79,1,2,34,4.5,8677.0
2042,76,52,1,2,36,4.6,3266.0
2345,22,13,1,2,20,3.7,3340.0
5103,12,65,1,1,57,4.5,7189.0
4536,35,68,1,0,57,4.3,5976.0
3994,66,98,1,1,53,4.9,6544.0
5985,33,18,0,2,12,3.8,8109.0
4219,62,12,1,2,35,5.0,6586.0
3384,79,99,1,0,49,4.5,4970.0
5638,52,57,1,1,38,4.6,8390.0
5849,69,52,1,0,56,3.1,7937.0
4701,67,100,0,1,17,4.0,7180.0
4210,58,10,0,2,27,4.1,5956.0
3453,51,66,0,0,17,3.1,4319.0
5350,85,62,0,0,11,3.6,6988.0
2189,75,25,1,1,55,4.9,3261.0
3450,20,60,0,1,39,3.9,4539.0
1956,99,84,1,1,2,3.4,3380.0
3630,27,99,1,2,51,4.0,5739.0
5476,94,64,0,1,2,3.1,8883.0
5744,61,10,0,2,54,4.0,8057.0
2679,55,99,1,1,29,4.2,4258.0
5785,53,37,0,1,45,3.7,7554.0
5065,31,62,0,2,24,4.5,7295.0
2382,62,67,1,1,24,3.3,3529.0
1899,68,82,1,2,16,4.8,3265.0
2108,39,69,1,2,31,4.9,3475.0
3138,17,68,1,1,49,3.0,4238.0
3648,66,31,1,1,43,4.7,5436.0
2882,82,17,0,0,9,4.0,3570.0
2903,29,58,1,1,27,3.9,4050.0
2319,34,51,1,0,56,3.5,3000.0
4792,28,36,1,1,41,3.9,6634.0
2319,14,48,0,2,14,4.9,3271.0
1919,84,92,1,2,45,3.4,3217.0
5719,88,34,1,0,25,3.4,7838.0
4802,81,47,0,1,43,3.5,6774.0
3008,92,94,1,0,44,4.1,4499.0
2267,96,33,1,1,22,4.9,3527.0
3544,36,33,1,1,35,4.1,4796.0
3639,49,69,0,2,33,3.5,5460.0
4529,35,92,0,0,27,3.9,5871.0
3049,36,59,1,2,40,3.8,4681.0
3264,71,75,1,2,26,3.1,5428.0
4145,92,23,1,2,19,4.0,6780.0
5216,59,62,0,0,45,3.3,6472.0
5981,51,41,0,1,39,4.7,8069.0
3793,38,57,0,1,45,4.1,5145.0
4208,48,48,0,0,26,4.7,5333.0
2400,69,49,0,1,6,4.9,3663.0
4584,50,51,0,0,3,4.9,6188.0
3509,42,86,1,0,6,3.2,5259.0
1741,92,85,0,1,28,4.9,2700.0
3885,92,17,1,2,3,4.6,6778.0
5768,25,88,0,0,13,4.6,7149.0
2171,32,35,1,0,13,3.2,2748.0
1663,16,21,0,0,57,3.4,1707.0
1964,35,52,1,0,13,5.0,2508.0
4542,21,60,1,1,1,3.4,6811.0
3942,81,100,1,1,40,3.3,6400.0
3855,14,91,0,0,37,3.7,4508.0
5778,78,72,0,2,31,4.8,9109.0
4057,58,58,0,1,52,4.0,5500.0
2045,35,36,1,2,17,4.8,3295.0
5335,14,18,1,2,9,3.7,7489.0
2093,31,48,1,0,45,3.5,2525.0
5304,88,74,0,1,57,4.0,7853.0
2959,22,80,0,0,13,4.2,3673.0
4993,37,99,1,0,37,3.8,7093.0
4101,42,80,0,2,14,3.7,5967.0
3944,32,16,0,2,11,3.4,5146.0
4172,27,81,0,2,25,3.6,6034.0
5700,39,89,0,0,31,4.3,7254.0
1516,35,76,1,0,58,3.7,1980.0
4691,25,19,0,0,14,3.2,5034.0
1892,86,80,0,0,57,3.3,2762.0
1924,48,94,1,0,7,3.7,2808.0
2071,42,62,1,0,24,4.8,2799.0
5131,35,96,0,0,49,3.8,6570.0
2620,57,66,0,0,36,3.1,3122.0
1741,74,100,0,1,42,3.8,2746.0
5397,47,95,0,1,42,4.3,7702.0
5595,11,36,1,1,47,4.2,7274.0
3779,15,63,1,1,52,3.6,5326.0
2288,55,13,1,0,44,4.4,2970.0
2214,59,97,0,0,41,4.3,2921.0
4349,47,32,0,2,3,3.3,6722.0
2275,97,57,1,2,47,3.3,3847.0
5526,27,92,0,1,44,4.1,7411.0
3747,36,51,1,2,26,4.3,5606.0
1578,50,12,1,1,47,4.9,2222.0
5426,81,100,1,0,26,3.8,7921.0
2355,83,12,1,0,1,4.5,3560.0
3648,26,37,1,2,15,3.2,5166.0
2531,71,72,1,0,11,4.8,3728.0
4771,38,90,1,0,37,4.3,6714.0
5076,67,40,0,1,7,4.3,7663.0
5682,79,19,1,2,12,3.3,8455.0
4956,87,58,1,0,52,3.1,7080.0
5006,31,95,0,2,57,4.4,7528.0
1907,15,30,1,0,38,3.2,2230.0
4211,35,62,0,1,54,3.3,5438.0
4588,48,96,1,0,3,3.4,7151.0
3168,21,85,0,2,42,3.2,4572.0
1647,23,98,0,2,58,4.3,2423.0
5827,31,63,0,1,53,3.8,7788.0
5397,60,66,1,0,26,3.5,7452.0
3450,32,29,0,1,54,3.9,4201.0
1865,57,58,1,2,30,4.7,3038.0
3174,80,16,1,1,32,4.9,4686.0
5994,59,38,1,0,36,4.0,7756.0
4046,98,57,1,0,45,4.1,5976.0
2062,22,22,1,1,51,3.5,2681.0
5062,94,12,1,2,37,4.0,8284.0
3989,19,11,1,2,55,4.5,5793.0
2272,64,25,0,1,59,4.0,3033.0
3537,18,15,1,0,54,3.6,4094.0
4923,88,54,1,0,18,4.2,6826.0
4067,61,80,0,0,1,4.9,6022.0
3073,11,14,1,0,53,4.8,3590.0
5194,34,65,0,2,21,4.5,7549.0
4791,22,80,0,0,28,3.6,5751.0
2746,60,41,1,1,48,3.5,4094.0
5219,67,58,1,1,16,4.7,8048.0
5339,43,22,0,1,48,3.4,6818.0
1859,44,39,1,1,28,4.2,2514.0
3876,12,34,0,0,22,3.9,4385.0
4509,68,94,0,2,19,3.9,7123.0
4493,79,69,1,0,48,3.9,6491.0
2462,57,68,0,2,1,4.8,4158.0
5132,73,94,1,0,31,3.2,7404.0
3327,28,37,1,2,52,4.6,4992.0
3113,76,67,0,1,52,4.7,4370.0
3140,91,29,0,1,42,4.9,4474.0
3716,82,43,1,2,34,3.9,6009.0
5812,85,14,1,2,46,4.0,9376.0
1877,14,91,1,2,40,4.9,2958.0
5714,76,69,0,1,6,3.9,8902.0
5785,20,52,1,1,28,4.0,7931.0
1869,77,66,0,0,3,3.7,2628.0
3696,78,66,0,2,31,3.1,5548.0
5247,10,84,0,2,16,3.9,7521.0
2151,100,63,1,2,17,4.3,3697.0
2269,72,90,0,1,44,4.4,3469.0
3921,38,54,1,2,27,3.0,6078.0
2280,91,95,0,2,51,4.6,3991.0
3216,21,46,1,1,24,4.0,4395.0
5483,86,93,1,2,20,4.0,9588.0
2811,50,57,0,0,32,4.9,3560.0
4859,11,63,1,1,35,3.6,6369.0
2022,46,57,0,1,13,4.5,2866.0
2021,54,15,0,1,48,4.1,2647.0
3820,89,43,0,0,43,4.4,5073.0
2435,57,72,0,1,20,3.8,3349.0
3730,33,87,0,1,59,3.6,5014.0
5540,31,57,0,1,48,4.1,7245.0
5197,20,32,0,1,52,3.7,6404.0
4337,67,93,1,0,2,3.4,6586.0
5583,55,22,0,2,4,4.7,8752.0
3961,38,56,0,2,27,4.0,5881.0
4743,44,53,1,1,60,4.7,6857.0
4859,24,41,1,0,25,3.9,5800.0
2185,69,35,0,1,4,4.1,3237.0
3660,51,62,0,2,60,5.0,5562.0
5488,52,23,0,2,32,4.9,7905.0
5566,89,61,1,0,17,3.5,7958.0
3067,83,45,0,2,1,4.7,5346.0
1538,58,17,1,1,33,3.8,2150.0
4044,73,49,0,0,30,3.1,5086.0
2756,41,95,0,2,5,4.2,4525.0
4490,73,31,1,1,54,5.0,6760.0
3696,11,25,0,0,12,4.9,4217.0
4968,33,100,0,1,38,3.3,6793.0
4208,96,69,0,2,32,4.5,6829.0
1801,75,69,1,1,38,4.6,2569.0
2146,47,19,0,0,57,3.7,2369.0
3259,40,34,0,1,17,4.3,4403.0
5851,35,40,1,2,58,4.0,8761.0
2097,38,30,1,0,54,3.5,2618.0
2161,76,100,0,0,45,4.5,2947.0
5830,87,90,0,2,40,3.5,9489.0
2868,34,42,1,1,32,3.7,3930.0
4081,57,40,0,1,24,3.4,5438.0
5368,74,99,0,2,12,4.4,8750.0
5037,62,30,1,0,47,3.9,6730.0
5808,76,45,0,2,31,3.9,8801.0
1782,99,74,0,0,19,4.2,2403.0
5178,27,13,1,0,29,3.3,6000.0
2986,18,77,0,1,21,4.8,3796.0
5582,47,99,0,2,26,3.9,8653.0
5683,96,13,0,0,52,3.7,7117.0
1960,30,18,1,1,28,3.3,2716.0
3825,74,39,0,2,17,3.3,5546.0
5254,30,54,1,2,9,4.8,8011.0
3968,36,13,1,0,21,3.9,4727.0
3224,79,78,0,0,50,4.4,4354.0
2876,53,32,1,0,60,3.2,3531.0
4243,37,25,0,2,34,4.3,5849.0
2014,54,31,0,0,11,4.8,2443.0
2202,26,81,0,2,55,3.6,3202.0
3153,49,57,1,1,20,4.2,4720.0
3566,12,71,0,2,49,4.9,5095.0
1522,85,69,0,0,53,4.4,2058.0
3960,85,89,0,2,50,3.1,6462.0
2804,75,14,1,0,47,3.8,3660.0
4800,55,89,1,1,39,3.2,7129.0
1861,95,16,0,0,16,4.7,2278.0
5227,96,60,0,0,57,4.2,7002.0
2784,39,74,0,0,29,4.9,3394.0
2014,78,18,0,0,1,3.0,2880.0
1948,18,91,1,0,60,3.8,2458.0
3355,94,54,1,0,18,3.2,4753.0
5062,20,56,1,1,59,3.7,6938.0
4020,78,76,1,1,22,3.3,6191.0
4581,100,33,1,2,8,3.7,7451.0
2928,75,19,1,0,7,4.6,4337.0
5467,97,82,1,2,25,3.3,9273.0
2422,40,86,0,1,30,3.9,3247.0
4637,42,57,0,1,34,4.8,6391.0
3659,48,44,0,0,44,5.0,4384.0
4047,55,63,0,0,48,3.5,5172.0
4479,46,96,0,2,41,4.9,7146.0
3781,69,90,0,1,52,3.5,5642.0
4149,40,80,1,2,11,3.8,6681.0
1813,20,25,0,2,15,4.8,2319.0
4113,96,62,1,2,35,4.6,6896.0
4583,11,49,0,0,23,4.7,5103.0
3756,36,29,1,1,53,4.6,5081.0
2537,11,97,1,2,45,3.5,3787.0
4989,30,78,0,1,21,4.1,6659.0
4134,67,54,0,1,28,3.8,5805.0
5483,14,15,0,2,13,3.9,7179.0
3278,61,78,0,2,34,3.3,5032.0
5395,54,58,0,0,38,3.6,6647.0
2624,94,48,1,1,6,4.7,4437.0
2197,29,11,0,2,44,4.8,2995.0
3679,70,48,1,2,4,4.2,6358.0
2904,47,30,1,1,5,4.0,4519.0
2543,29,49,1,2,55,4.4,3722.0
3429,34,91,0,1,40,4.2,4678.0
2513,11,63,0,2,6,5.0,3786.0
1726,41,21,0,1,21,3.4,2194.0
3328,35,90,0,2,28,3.9,4872.0
3523,79,46,0,2,3,4.8,5808.0
3952,50,47,0,0,23,4.8,4919.0
3585,76,24,1,1,8,4.0,5122.0
5783,10,16,0,0,19,3.3,6066.0
2580,60,87,1,2,53,4.6,4400.0
3820,14,59,1,1,11,4.2,5191.0
4690,22,74,0,1,50,4.5,6253.0
4130,28,76,0,2,10,3.9,6213.0
4063,21,53,0,2,58,3.4,5688.0
4792,57,40,0,2,28,3.0,6914.0
5086,34,52,0,2,20,4.1,7410.0
5931,66,86,0,1,44,3.3,8412.0
4447,44,57,1,0,52,3.4,5924.0
5459,85,91,1,1,28,3.9,8808.0
4313,14,90,1,1,29,3.9,6303.0
4083,31,90,1,1,8,3.5,5909.0
1661,86,70,1,1,19,3.3,2718.0
2093,66,84,1,2,53,4.9,3364.0
4759,56,93,0,0,48,3.3,6166.0
5655,63,19,0,1,59,3.7,7396.0
4462,12,38,0,1,21,3.6,5469.0
5388,62,57,1,0,18,4.7,7234.0
4890,93,90,1,2,9,3.8,8396.0
2163,40,71,1,1,4,3.2,3281.0
2632,78,22,0,2,41,3.0,3720.0
2041,97,53,0,1,25,4.4,2932.0
4474,42,56,0,1,34,4.4,6021.0
2367,81,73,1,0,9,3.8,3553.0
3566,97,100,1,0,9,3.3,5383.0
1931,59,62,1,2,18,3.7,3242.0
5778,93,99,0,1,11,4.2,8967.0
2706,25,86,1,2,13,4.4,4253.0
4028,85,85,0,0,38,3.2,5573.0
2669,86,53,0,0,9,4.1,3503.0
2330,48,37,0,0,16,3.6,2669.0
3151,98,11,0,0,4,4.2,4535.0
2636,55,66,0,0,34,4.3,3349.0
4310,97,66,0,2,7,4.8,7763.0
1975,56,43,0,2,15,3.8,2840.0
4310,53,96,1,0,57,4.1,5996.0
2826,18,67,0,1,38,3.5,3545.0
2519,96,61,1,1,11,3.6,3880.0
3336,59,38,0,1,32,3.1,4381.0
5756,86,44,0,1,27,3.6,8025.0
3948,69,84,0,1,30,3.1,5532.0
5793,24,57,1,0,52,4.9,7449.0
2783,45,42,0,2,17,4.2,4007.0
2159,72,84,0,0,36,3.3,2903.0
3510,78,82,1,1,19,3.2,5453.0
1898,95,87,1,1,7,3.7,3456.0
3233,89,18,1,2,43,3.6,5126.0
3625,50,57,1,0,45,3.6,4581.0
3671,83,76,0,2,59,3.9,5869.0
1574,33,92,0,1,58,4.8,2207.0
4971,91,45,1,1,21,4.1,7704.0
2336,58,80,0,2,28,4.0,3486.0
1999,27,53,1,1,3,4.6,3172.0
1637,16,91,1,0,14,3.0,2142.0
3597,13,69,1,1,2,3.4,5411.0
5196,99,72,0,1,29,4.0,7922.0
3385,78,14,1,0,18,4.4,4611.0
4257,69,96,0,1,37,4.0,6404.0
5420,64,95,0,2,45,3.3,8261.0
3400,25,99,0,2,45,4.9,5019.0
4110,99,85,1,1,24,3.7,6635.0
5486,91,49,0,0,56,4.6,7208.0
2949,38,28,1,0,46,4.8,3664.0
2046,32,56,0,2,12,3.7,2899.0
3503,23,74,0,1,53,4.7,4640.0
3596,88,76,0,0,45,4.4,4949.0
2203,58,100,1,0,32,4.8,3352.0
3903,42,27,1,2,18,3.5,5960.0
3125,34,59,1,2,13,4.9,4914.0
4831,30,39,1,0,4,3.1,6682.0
4478,26,75,0,2,23,4.6,6520.0
4339,32,14,0,0,54,3.9,4713.0
4884,66,51,1,1,10,3.4,7157.0
4159,90,93,1,2,55,3.2,7147.0
3361,67,14,1,2,5,3.8,5632.0
4356,23,59,1,1,50,3.8,6037.0
2185,29,94,0,0,40,3.5,2867.0
5783,39,67,1,0,14,3.4,7596.0
3119,28,88,1,2,60,3.8,4845.0
2931,62,93,0,0,34,3.8,3854.0
2375,65,17,1,0,28,3.9,3002.0
3961,86,40,0,1,8,4.7,5727.0
2865,91,21,1,1,16,4.2,4257.0
2743,32,30,0,1,31,3.0,3386.0
1662,71,71,1,2,7,4.0,3008.0
3474,42,100,1,1,3,4.5,5829.0
4791,27,99,1,1,29,3.1,7091.0
1769,82,42,1,0,36,3.8,2473.0
2131,42,35,1,1,39,3.9,2861.0
2405,41,99,0,2,4,4.9,4011.0
4971,70,49,1,1,9,4.0,7348.0
4753,63,74,0,2,55,4.5,7309.0
3514,26,68,0,0,17,3.6,4271.0
3141,28,24,0,0,49,4.6,3528.0
1704,100,10,0,1,20,3.6,2361.0
2081,79,20,1,0,14,3.9,2801.0
2340,43,64,1,1,46,4.0,3415.0
3219,93,11,1,0,29,4.9,4447.0
4143,34,74,1,2,57,3.1,6644.0
3797,77,53,0,0,13,3.4,4922.0
2374,83,25,0,1,36,4.4,3190.0
2189,83,31,0,1,45,4.2,3073.0
5500,97,27,1,1,53,3.5,8255.0
4641,94,56,1,2,17,3.6,7621.0
2922,20,90,1,0,47,3.7,3611.0
2171,100,39,1,1,50,3.9,3359.0
2671,25,19,0,2,43,4.6,3579.0
5226,99,67,1,2,4,3.0,9404.0
2443,70,71,1,2,60,4.8,4031.0
2949,89,94,0,0,20,3.8,4104.0
5237,16,89,0,0,11,3.5,6229.0
4039,25,15,1,0,42,4.0,4823.0
5459,25,76,1,2,22,4.3,8517.0
5760,49,50,0,0,45,3.1,6963.0
3861,21,52,1,1,54,4.4,5450.0
5152,44,94,0,2,8,4.5,8027.0
5170,30,86,0,0,28,3.3,6262.0
3253,59,27,1,2,45,3.3,4958.0
3852,52,67,0,2,41,3.4,5556.0
3438,26,69,1,0,30,4.6,4467.0
1870,41,97,1,2,33,3.5,2774.0
5979,50,36,1,0,33,4.6,7779.0
3431,15,77,1,0,47,4.1,4369.0
1924,97,31,0,0,54,4.5,2593.0
2394,36,33,1,2,36,4.1,3479.0
2097,29,49,1,2,27,3.7,3158.0
4562,34,83,0,0,20,4.8,5738.0
3836,75,75,1,2,33,4.4,6412.0
3187,18,49,1,0,25,4.0,3869.0
2072,62,15,1,1,44,4.3,2946.0
3590,70,27,1,2,43,4.2,5617.0
5169,47,90,0,2,19,3.7,7787.0
5772,12,96,0,1,47,3.8,7701.0
3133,93,39,1,1,21,3.6,4779.0
3017,79,30,0,1,42,5.0,4369.0
5793,64,71,0,0,33,4.2,7484.0
4157,10,19,0,0,56,3.2,4276.0
5148,79,22,0,1,3,4.0,7523.0
5088,54,85,1,0,14,3.1,6964.0
3037,56,18,0,2,15,3.6,4149.0
4637,88,77,1,1,33,3.9,7467.0
1597,35,48,1,2,42,4.1,2480.0
4715,23,33,0,0,22,5.0,5284.0
5250,63,43,1,1,1,5.0,8373.0
4657,80,70,0,0,31,3.2,6069.0
1843,55,50,1,2,47,4.1,3033.0
2110,40,14,1,0,35,4.6,2551.0
3227,97,88,0,2,53,3.5,5278.0
3790,68,59,1,0,20,4.5,5442.0
3354,38,13,0,2,32,4.8,4657.0
4108,26,60,1,0,55,4.3,5144.0
3579,23,61,1,1,54,3.7,4781.0
3824,45,48,0,1,12,4.8,5147.0
2677,67,17,0,0,51,4.8,3487.0
2591,33,54,0,2,16,4.4,3855.0
4291,72,97,1,0,59,3.7,6309.0
3249,100,37,0,1,8,4.6,4803.0
4175,34,36,0,2,56,3.6,5856.0
2281,68,74,0,0,14,3.5,2803.0
4548,41,43,0,0,18,4.0,5403.0
3605,91,90,1,2,55,5.0,6503.0
5367,27,71,1,0,30,4.6,7291.0
3613,46,71,1,1,33,4.5,5414.0
5470,35,47,1,1,34,3.9,7489.0
3491,18,35,1,2,56,3.6,5084.0
2567,73,33,1,0,44,4.7,3549.0
3077,81,48,0,0,49,4.1,4075.0
2511,29,30,1,1,34,4.6,3462.0
3774,63,56,0,2,60,4.0,5864.0
3314,95,57,0,2,49,4.5,5318.0
3926,92,22,0,2,53,4.7,5999.0
5902,39,12,0,1,7,3.8,8009.0
4051,62,41,1,1,6,3.0,6317.0
5157,72,44,1,2,6,3.5,8901.0
1507,20,28,1,2,22,4.8,2214.0
4055,40,23,0,0,8,4.4,4746.0
1975,58,57,1,0,37,4.5,2492.0
3711,96,95,1,2,15,3.7,6508.0
1984,28,90,1,1,26,4.4,2978.0
3785,21,77,1,1,39,4.3,5437.0
5025,24,54,1,0,3,3.4,6797.0
4839,40,28,1,2,57,4.9,7377.0
4322,52,73,0,1,10,3.7,5984.0
4424,46,75,0,1,3,3.7,6724.0
1758,88,88,1,1,30,3.7,2877.0
1782,38,75,0,1,46,3.2,2420.0
3398,35,84,0,0,22,4.2,4267.0
5635,11,54,1,1,3,3.5,8301.0
4476,93,96,0,1,1,4.6,7569.0
3767,24,83,1,2,33,3.8,5994.0
4700,13,76,0,2,19,3.9,6959.0
2112,95,78,1,0,36,4.3,3052.0
2187,59,12,0,0,34,4.5,2313.0
5190,47,47,0,0,57,3.5,6144.0
2112,32,86,0,0,31,4.9,2587.0
3807,68,51,0,1,43,4.2,5383.0
4513,99,92,1,2,24,3.0,8009.0
3281,84,49,0,1,12,3.8,4734.0
4091,37,59,1,1,13,3.9,5790.0
4196,75,44,1,1,16,4.6,6390.0
5458,17,33,0,2,16,3.6,7400.0
2074,38,97,0,0,51,3.7,2714.0
3410,20,26,1,0,55,3.1,4060.0
5104,27,49,0,2,52,3.6,7086.0
2169,64,83,1,2,53,4.4,3503.0
5864,59,75,0,0,20,4.3,7733.0
2783,23,53,1,1,41,3.2,3950.0
2423,83,32,0,0,48,3.2,2883.0
2625,18,15,0,2,27,3.8,3502.0
3029,20,75,1,0,39,4.5,3880.0
3094,72,30,1,0,13,4.7,4231.0
1746,85,44,1,0,4,3.0,2480.0
5211,76,38,0,2,32,3.7,7861.0
3060,62,16,0,2,45,3.8,4379.0
3900,48,62,0,0,40,4.8,4993.0
3743,87,46,0,0,34,4.0,4947.0
5364,65,32,1,1,39,3.5,7684.0
3439,37,17,1,1,43,3.8,4675.0
4569,84,85,0,0,17,3.9,6226.0
1726,48,57,0,2,24,4.3,2606.0
5047,34,19,0,1,29,3.1,6079.0
1764,30,88,1,0,46,3.8,2428.0
2895,19,33,1,1,28,4.3,3849.0
5057,52,99,0,1,45,3.6,7296.0
2145,24,56,1,1,47,4.2,2957.0
4490,92,62,0,2,22,3.7,7074.0
3399,57,48,0,0,28,4.5,4213.0
4004,95,76,1,2,53,3.1,6682.0
4272,30,75,1,2,25,4.8,6836.0
2654,69,15,1,1,41,3.3,3720.0
2087,59,30,1,0,3,3.3,2824.0
3321,32,82,0,1,57,4.7,4517.0
2485,22,83,1,2,13,4.7,3850.0
5579,78,45,1,2,31,3.2,8966.0
4848,13,12,1,0,13,4.8,5658.0
5331,87,97,1,2,41,3.5,9335.0
2741,81,95,0,2,18,4.2,4355.0
1689,18,87,0,0,37,3.1,2056.0
2480,44,51,1,1,43,3.8,3562.0
3198,30,54,1,0,34,3.9,4037.0
3215,67,53,0,2,17,4.2,4891.0
4093,27,100,0,0,55,4.1,5174.0
5636,81,42,1,1,52,3.9,8569.0
5933,90,69,0,2,21,4.9,9623.0
2598,52,95,0,1,36,3.4,3803.0
3826,15,92,0,1,54,3.3,5130.0
4747,95,92,0,0,59,4.4,6647.0
2395,87,79,1,1,50,3.1,3747.0
3174,76,92,0,0,56,4.0,4428.0
4409,21,86,0,0,52,4.0,5401.0
2430,21,35,1,1,40,3.6,3234.0
5884,75,95,1,0,19,4.9,8811.0
2223,11,30,1,0,12,3.6,2667.0
4440,24,11,0,1,28,3.6,5232.0
2589,32,56,1,2,11,3.5,3892.0
2435,38,39,0,0,48,3.3,2885.0
3795,90,36,1,0,37,3.7,5275.0
1655,16,80,0,1,28,4.4,2175.0
2570,37,29,1,0,35,4.5,3237.0
3458,23,59,1,1,44,4.6,4911.0
4001,53,32,0,2,15,3.4,5666.0
5719,39,22,1,2,16,3.1,8331.0
5330,90,90,1,1,45,4.9,8583.0
2354,41,13,1,2,7,3.0,3717.0
2139,79,23,1,1,47,4.9,3155.0
3738,97,29,1,0,3,4.7,5860.0
3102,15,22,0,2,31,4.8,4141.0
1941,36,12,0,0,12,3.8,2291.0
2836,91,99,1,0,8,3.4,4331.0
5200,97,99,1,1,25,4.2,8560.0
2448,33,91,0,2,44,4.5,3578.0
4873,43,87,0,2,50,3.3,7296.0
1959,49,56,1,0,35,4.6,2637.0
1892,56,12,0,0,12,3.4,1995.0
5438,88,10,1,1,55,4.0,7907.0
3287,84,99,1,2,21,4.7,5754.0
3757,95,33,1,1,26,3.4,5669.0
2638,33,44,1,1,55,3.5,3824.0
5308,74,23,0,1,2,3.1,7548.0
3954,27,76,0,2,14,3.3,5776.0
2966,53,22,0,1,46,3.3,3827.0
5174,85,56,1,2,4,3.4,9132.0
2877,66,59,0,1,17,3.6,3996.0
4097,37,87,1,0,47,4.6,5731.0
1641,80,94,1,1,48,4.8,2674.0
4159,32,35,0,1,5,3.8,5587.0
2339,94,12,1,2,24,3.3,3724.0
5118,43,60,1,0,49,3.4,6764.0
5417,20,49,1,0,55,4.5,6760.0
2095,95,77,0,2,7,4.4,3787.0
3404,44,45,1,2,23,4.9,5396.0
1780,51,60,0,0,47,3.0,2298.0
1923,37,10,1,2,17,4.5,2908.0
5865,91,42,0,0,12,4.0,7917.0
5749,87,16,1,1,11,4.8,8651.0
3250,91,61,0,1,51,4.2,4793.0
3467,33,20,0,0,11,3.9,3946.0
5588,17,36,1,0,34,4.3,6814.0
5678,62,23,1,1,47,4.7,8115.0
4446,81,95,1,1,37,3.6,6998.0
2949,13,89,1,0,50,3.2,3779.0
3831,100,55,0,2,29,3.9,6190.0
3720,14,85,1,2,53,3.4,5593.0
5289,58,19,0,0,53,3.9,6259.0
4310,39,33,1,2,48,5.0,6533.0
3031,81,70,0,1,36,4.1,4430.0
4490,72,27,0,1,27,4.4,6102.0
5993,56,95,0,2,55,4.4,9464.0
2643,35,18,1,0,42,4.6,3492.0
2433,66,26,1,1,22,4.9,3492.0
2960,46,67,0,1,2,4.3,4447.0
4223,16,22,0,1,47,4.0,5048.0
4012,49,59,0,2,36,3.6,5735.0
1785,48,15,0,0,48,3.7,2122.0
1764,71,94,0,2,30,3.7,2733.0
3867,87,60,1,0,59,3.6,5644.0
4947,62,45,0,0,7,4.4,6754.0
3262,13,80,1,2,57,4.2,5043.0
4548,91,34,1,1,57,3.4,6981.0
3881,34,20,1,0,12,4.9,4873.0
3769,16,53,0,2,3,3.9,5633.0
1540,37,23,0,1,17,4.1,1851.0
1567,78,38,0,0,41,4.4,1786.0
2487,76,83,0,0,32,4.2,3341.0
5508,29,59,1,1,8,3.6,7550.0
4698,92,14,1,0,23,4.6,6429.0
4024,20,81,1,2,38,3.2,6107.0
2585,76,78,0,0,30,4.1,3488.0
3979,96,97,0,0,15,3.5,5526.0
3193,16,66,0,1,10,4.2,4078.0
3815,32,35,0,2,55,3.4,5284.0
2278,70,15,0,1,59,4.5,3070.0
3085,80,25,0,2,57,3.5,4364.0
2992,43,69,1,1,38,4.8,4512.0
2160,28,21,1,0,15,4.7,2542.0
2848,67,84,0,2,30,3.7,4300.0
2799,18,12,1,2,46,3.8,3895.0
5440,57,72,1,0,26,4.4,7813.0
3486,91,73,1,1,51,3.2,5435.0
3544,50,71,1,2,45,3.2,5617.0
5016,57,15,0,0,14,3.3,5838.0
2558,54,28,1,0,3,4.1,3542.0
2476,34,27,0,2,36,3.3,3390.0
2227,87,89,0,2,26,3.6,3527.0
4027,34,96,1,2,14,4.3,6578.0
4636,28,52,0,0,31,3.0,5344.0
1842,48,82,1,1,14,3.4,2765.0
2947,88,12,0,1,58,4.9,4089.0
3879,89,81,0,2,40,4.3,6513.0
5159,36,47,1,0,10,3.6,6571.0
2026,83,77,1,0,9,3.1,2958.0
3396,72,85,0,2,46,4.2,5437.0
3573,77,53,1,0,40,3.4,4825.0
1905,28,98,0,0,43,4.9,2368.0
3073,37,89,1,0,42,4.4,4119.0
5240,94,72,0,2,18,4.9,8497.0
5774,87,51,0,2,36,4.7,9026.0
5727,42,73,0,2,36,4.0,8490.0
3346,19,63,0,1,12,4.3,4315.0
2978,92,87,0,1,50,4.6,4626.0
3895,39,86,1,2,40,4.2,6404.0
2271,31,80,0,0,3,3.1,3157.0
2078,12,85,1,0,18,3.9,2714.0
4401,91,46,1,2,7,3.3,7694.0
1693,84,13,0,0,31,4.4,2206.0
3507,57,11,0,0,1,4.4,4502.0
2685,11,53,1,1,31,5.0,3731.0
3894,85,76,0,0,54,4.3,5351.0
4498,63,77,0,0,13,4.6,5838.0
3292,15,85,1,2,29,3.5,4984.0
2610,49,92,1,1,3,3.7,4342.0
5505,11,83,1,1,29,4.8,7849.0
3761,82,71,1,0,35,4.5,5762.0
5236,11,10,1,2,15,4.3,7234.0
5293,83,26,1,1,21,3.5,7638.0
3436,64,25,0,1,19,4.4,4594.0
5857,81,18,1,0,28,4.8,7895.0
2229,69,62,1,1,4,3.5,3460.0
5878,15,82,0,2,45,4.4,8586.0
4951,28,68,0,2,13,3.8,7209.0
5957,36,18,0,1,15,3.2,7359.0
3640,10,21,0,2,51,4.5,4817.0
3144,42,50,0,2,48,3.3,4459.0
4300,49,24,0,0,39,3.5,4975.0
1641,41,75,1,1,32,4.6,2421.0
2955,78,84,0,1,3,4.5,4725.0
3596,26,20,0,0,30,3.5,4065.0
2825,17,17,0,0,58,4.9,3217.0
2713,66,64,0,0,20,3.4,3520.0
2659,51,15,1,0,2,5.0,3700.0
5999,18,62,0,2,50,4.5,8556.0
1840,96,29,0,2,25,3.8,2788.0
5328,44,48,1,0,11,3.3,6811.0
3468,80,81,1,1,1,3.6,5884.0
2203,88,43,1,1,48,3.4,3362.0
5913,62,66,0,1,49,4.2,8280.0
3929,63,28,1,0,48,3.7,5098.0
3300,93,80,1,2,10,3.6,5799.0
2355,34,40,1,2,17,4.5,3395.0
3312,76,91,0,2,30,3.5,5383.0
4366,71,49,0,2,35,4.2,6604.0
5142,64,23,1,1,50,3.4,7184.0
1682,55,90,0,1,19,4.4,2396.0
4612,33,46,0,2,46,4.3,6536.0
5992,55,53,0,0,53,4.6,7604.0
3017,31,18,0,2,57,3.1,4018.0
2856,20,67,0,2,34,3.4,3961.0
3674,57,29,1,0,32,3.3,4764.0
5129,17,59,1,2,12,3.4,7584.0
5128,48,29,1,1,43,3.2,7093.0
5596,44,45,1,0,17,4.1,7288.0
4739,58,36,0,0,59,4.2,5661.0
5191,55,81,1,2,6,4.7,9308.0
1518,47,41,1,1,51,3.8,1975.0
4903,17,10,0,1,13,4.1,5776.0
4504,63,26,0,1,39,5.0,5977.0
2632,46,18,0,2,22,4.1,3457.0
4839,100,93,0,2,11,4.1,8123.0
4811,49,54,1,1,7,5.0,7783.0
4872,43,75,0,2,45,5.0,7390.0
2487,88,41,0,1,45,3.8,3640.0
4821,26,54,0,2,21,4.3,6824.0
1673,42,18,0,0,1,4.0,2136.0
5241,56,39,0,0,30,4.4,6326.0
4552,61,93,0,2,19,4.9,7323.0
2226,89,47,1,2,51,3.6,3708.0
5260,18,69,1,1,55,4.6,7391.0
3375,42,10,1,0,47,4.3,4015.0
5533,69,14,0,1,46,3.6,7074.0
2489,86,72,0,2,29,4.6,4106.0
5244,30,45,1,1,35,3.9,7107.0
4186,67,74,1,1,59,3.2,6475.0
1919,94,87,1,2,53,5.0,3316.0
2093,78,82,1,0,20,3.9,3008.0
3274,19,33,0,1,36,4.1,4313.0
3959,15,13,1,2,39,4.6,5549.0
2435,22,87,0,1,1,4.9,3548.0
5308,74,98,0,2,23,4.7,8637.0
1831,29,77,0,2,31,4.1,2529.0
4949,66,34,1,2,56,4.1,7744.0
4202,55,83,1,0,51,3.6,5842.0
5506,17,16,1,0,35,3.9,6525.0
5368,19,22,0,2,52,4.9,7292.0
5700,82,77,0,0,47,4.5,7804.0
1701,76,52,1,1,45,3.0,2739.0
3997,20,66,0,0,22,3.2,4685.0
3342,21,45,1,0,46,4.8,4346.0
3366,19,23,0,1,7,4.7,4653.0
3496,34,91,0,1,33,4.0,4971.0
2409,58,81,0,1,45,4.2,3552.0
5805,58,36,0,2,36,3.6,8454.0
4689,98,46,0,1,44,4.6,6940.0
2270,20,96,0,1,7,4.2,3535.0
4655,71,80,0,1,27,4.4,6749.0
4001,45,85,1,2,2,3.7,6888.0
4214,48,34,0,0,17,3.9,4815.0
5085,62,76,0,2,1,3.4,8478.0
3128,99,99,1,0,58,4.9,5005.0
1886,87,13,1,1,46,4.9,2689.0
4921,65,88,1,2,30,4.6,8237.0
5508,10,83,1,2,22,4.9,8673.0
5593,65,94,0,0,28,4.3,7637.0
5863,13,25,0,2,53,3.5,7716.0
3966,39,28,1,2,33,4.5,5994.0
3782,21,38,0,0,26,3.7,4200.0
3356,44,60,1,2,35,3.9,5088.0
3498,86,27,0,2,11,3.5,5276.0
2736,61,67,0,1,7,3.8,4390.0
5644,40,53,0,1,28,4.4,7542.0
2650,96,25,0,1,25,3.2,3556.0
5818,77,74,0,1,41,3.2,8332.0
2931,61,11,1,1,31,4.4,4197.0
3319,89,65,0,2,54,4.6,5426.0
3824,16,88,0,2,3,4.1,6211.0
2630,31,37,0,1,33,3.4,3397.0
4158,84,74,0,0,51,3.9,5416.0
5000,65,14,0,1,58,4.5,6613.0
1874,67,31,1,2,34,4.4,2806.0
3620,73,22,0,0,59,3.2,4413.0
5520,21,74,1,1,21,4.9,8011.0
3521,16,25,0,0,56,3.4,3685.0
5205,64,95,0,1,37,3.4,7517.0
4759,71,73,1,2,49,3.9,7817.0
4935,99,41,0,1,19,3.7,7174.0
3389,82,89,0,0,60,5.0,4747.0
3323,86,60,1,2,37,3.2,5419.0
2974,64,88,0,1,55,3.6,4364.0
3742,45,67,1,1,21,3.8,5511.0
4743,98,55,1,1,14,4.0,7528.0
4634,33,61,1,1,10,3.0,6308.0
3570,53,72,0,2,53,3.2,5267.0
1859,26,85,0,2,7,3.5,3019.0
3541,11,69,1,1,29,4.1,4731.0
2641,22,74,0,2,40,4.5,3667.0
3135,40,90,1,0,8,4.4,4269.0
5500,37,64,0,2,39,4.1,8096.0
3443,69,66,1,0,13,3.8,4802.0
4861,36,80,0,0,46,4.7,6188.0
4480,24,82,1,2,19,3.9,6875.0
1506,88,95,0,1,11,3.6,2182.0
4767,42,35,1,2,2,4.3,7993.0
3091,29,21,0,0,49,4.4,3503.0
4764,51,80,1,0,6,3.8,7074.0
4106,21,55,0,2,29,3.1,5448.0
4719,82,56,0,0,41,3.2,5956.0
4773,32,88,1,2,51,4.7,7572.0
2413,81,47,0,2,5,3.1,3828.0
3511,23,30,0,1,41,4.2,4341.0
2942,100,23,0,0,30,3.4,3821.0
4554,34,11,0,2,57,3.5,6046.0
5046,86,81,1,0,39,3.5,7319.0
5721,94,79,0,2,36,3.1,9219.0
4428,40,42,0,2,27,3.4,6183.0
3329,63,15,1,1,50,4.3,4523.0
2075,14,99,0,2,18,4.0,3066.0
2429,22,46,1,1,52,4.6,3384.0
5259,37,23,0,0,49,3.1,5963.0
5199,52,46,1,1,36,4.8,7667.0
2963,98,17,0,1,60,5.0,4149.0
4775,56,86,1,0,59,3.0,6577.0
2554,80,22,1,1,54,4.9,3787.0
3400,47,49,1,1,16,3.5,4843.0
2957,76,67,0,2,54,4.4,4789.0
2899,71,27,1,1,55,3.6,4158.0
4915,48,66,0,2,5,4.0,7896.0
1942,46,92,1,1,9,4.0,3064.0
5150,95,47,1,0,34,3.7,7430.0
2678,17,41,1,0,34,4.4,3383.0
5958,90,95,0,1,36,4.2,8985.0
2757,61,75,0,2,31,4.0,4247.0
5134,100,86,1,1,52,5.0,8509.0
3341,42,96,1,2,20,4.9,5571.0
3809,90,34,1,1,17,4.9,5743.0
2410,51,67,1,0,20,4.8,3399.0
5840,85,84,1,0,28,3.5,8580.0
5509,36,42,1,2,21,3.7,8359.0
3669,17,97,1,1,57,3.5,5205.0
3672,32,75,1,2,19,5.0,5865.0
1623,73,39,0,0,3,3.3,2299.0
4658,29,90,1,2,30,3.7,7105.0
2285,25,43,0,1,5,3.4,3217.0
3916,26,95,1,2,42,3.4,6132.0
2296,89,78,0,1,6,3.5,3696.0
5672,28,57,0,1,3,4.3,8273.0
5654,17,49,1,0,49,3.2,6982.0
3436,47,60,0,1,42,4.1,4598.0
3656,47,89,0,1,24,4.6,5043.0
5307,62,22,1,1,44,4.5,7563.0
2801,99,99,1,2,1,3.3,5409.0
5663,40,40,1,0,50,4.8,7465.0
4640,53,48,0,2,51,4.5,6639.0
4736,69,72,1,2,54,3.0,7763.0
3852,85,57,0,0,52,4.5,5185.0
3432,26,96,1,2,36,4.5,5584.0
4221,88,57,1,2,15,4.0,7046.0
1864,82,70,0,1,41,3.1,2503.0
3890,48,21,0,2,38,4.2,5408.0
2446,51,87,0,0,44,4.5,3110.0
2877,57,65,1,2,18,3.5,4485.0
2939,21,27,1,1,23,4.3,3984.0
4680,98,36,1,2,47,3.7,7679.0
1840,27,37,0,0,29,4.1,2135.0
4489,88,91,0,1,51,3.8,6893.0
1882,15,89,0,2,41,3.6,2538.0
3056,52,61,0,0,22,4.7,4025.0
1799,44,25,1,0,24,4.5,2459.0
1638,63,86,0,2,45,3.7,2373.0
1858,71,67,0,2,48,3.9,2938.0
3022,78,18,1,1,13,4.4,4599.0
4956,91,35,1,2,33,4.6,8025.0
3127,25,37,0,1,50,4.4,3827.0
2803,17,86,0,2,22,4.1,4151.0
2634,98,45,0,0,35,4.9,3608.0
3686,99,18,0,0,17,4.5,4780.0
4670,95,56,0,0,22,3.2,6160.0
5335,40,87,0,0,5,4.1,7493.0
3651,19,60,1,1,25,3.8,4778.0
2737,65,85,1,0,6,4.6,4184.0
5235,85,66,1,1,53,3.1,8035.0
4334,79,41,1,1,17,3.8,6244.0
5760,29,76,0,1,31,3.6,7644.0
2498,14,66,0,2,17,3.3,3457.0
4067,32,63,0,1,59,3.8,5278.0
2807,18,25,0,2,33,4.3,3687.0
2156,67,71,1,1,39,3.7,3166.0
4160,68,93,0,2,54,4.2,6591.0
3711,89,65,0,2,48,4.2,5946.0
3409,63,32,0,0,37,4.2,4207.0
5230,55,26,0,1,48,4.1,6938.0
3546,31,89,1,2,4,3.2,6014.0
4662,73,47,0,0,43,3.4,5904.0
2640,17,81,1,1,14,4.6,3642.0
1766,29,92,0,0,13,4.0,2231.0
3345,60,39,0,2,27,4.4,4905.0
3208,87,67,0,0,24,4.1,4378.0
5130,48,87,1,0,27,3.1,6982.0
4711,46,31,0,1,8,4.6,6120.0
3793,59,26,0,2,53,3.1,5273.0
5232,43,24,0,1,52,4.9,6866.0
5329,84,57,1,1,47,3.4,8060.0
3010,42,41,1,0,50,4.0,4045.0
1975,40,86,0,2,39,3.1,2801.0
2476,63,94,1,1,21,4.8,4030.0
2707,53,49,0,2,51,5.0,3817.0
3460,43,66,0,1,57,3.3,4609.0
2057,80,67,1,0,41,3.6,2860.0
2382,71,100,0,1,11,3.0,3540.0
3694,32,25,0,1,31,4.6,4736.0
4167,55,37,1,1,27,3.6,6096.0
3110,65,10,1,2,42,4.2,4682.0
4988,16,50,1,0,46,3.1,5974.0
3954,98,57,1,2,48,4.4,6826.0
5994,70,40,0,1,27,4.1,8213.0
3446,12,45,0,0,8,4.4,3813.0
4308,47,42,0,2,33,4.6,6209.0
5325,93,42,0,1,12,3.2,7445.0
5036,43,91,0,0,35,4.2,6327.0
5302,53,32,0,0,34,4.3,6513.0
5677,39,69,0,1,16,4.0,7716.0
3470,26,96,0,0,36,3.4,4131.0
5322,68,88,1,0,2,4.6,8591.0
4319,19,99,0,2,12,5.0,6520.0
2402,93,39,0,0,27,4.9,3169.0
1864,27,98,0,2,56,4.6,2874.0
5758,54,54,0,2,17,3.8,8438.0
4619,100,89,0,2,20,3.7,7515.0
4058,68,48,1,2,21,3.1,6352.0
3363,71,54,1,0,30,3.8,4618.0
1615,68,87,1,0,42,3.3,2206.0
3884,58,90,0,2,20,3.5,6061.0
5435,72,21,0,0,8,4.8,6851.0
3990,96,41,0,2,18,4.9,6266.0
2442,41,65,0,2,57,4.9,3410.0
3224,19,33,1,2,18,3.4,4605.0
3834,20,22,1,1,18,4.8,5010.0
4267,79,29,0,0,2,3.3,5794.0
2637,71,88,0,0,12,4.0,3533.0
4027,56,65,1,2,32,4.3,6407.0
5617,43,62,1,0,42,3.9,7300.0
4920,26,77,1,2,8,4.9,7758.0
5406,63,63,1,0,51,3.7,7335.0
5137,85,43,1,2,10,4.1,8579.0
4453,94,37,1,2,11,3.2,7256.0
3867,49,59,1,1,14,4.7,5623.0
5721,28,11,0,2,26,3.8,7516.0
1776,76,35,0,1,47,4.4,2445.0
3499,91,60,1,0,30,4.4,5092.0
2727,62,56,0,0,56,4.4,3530.0
5252,73,35,1,1,55,4.0,7822.0
5235,92,93,0,0,42,3.6,7327.0
2195,56,93,1,1,4,4.3,3730.0
2809,15,84,0,0,39,4.9,3478.0
5652,25,83,1,1,11,4.7,8267.0
4734,81,70,0,1,24,3.2,6784.0
5614,27,32,0,2,54,3.0,7545.0
3811,61,46,1,0,22,4.0,5040.0
4341,57,50,1,2,3,4.6,7364.0
5708,52,61,1,1,37,3.6,8461.0
5059,48,92,0,2,58,4.4,7858.0
4898,58,91,0,1,2,4.9,7837.0
2041,21,58,0,0,12,3.9,2348.0
4194,19,36,0,0,21,3.5,4672.0
2588,80,15,1,0,5,4.8,3799.0
4863,64,83,1,1,7,3.9,7962.0
1524,10,75,0,2,4,3.8,2286.0
3072,58,33,1,0,43,3.7,4049.0
4458,45,47,1,1,54,3.8,6255.0
5736,30,37,1,2,41,4.3,8372.0
3267,46,37,1,1,36,3.9,4549.0
3735,33,75,0,1,59,3.6,4822.0
1700,64,70,1,0,22,4.5,2362.0
4698,34,55,1,1,29,3.4,6672.0
1756,16,78,1,1,60,3.4,2324.0
5247,90,84,0,2,9,4.4,8659.0
3741,80,83,1,0,26,4.7,5703.0
4675,80,52,0,1,12,3.5,6703.0
5106,33,68,0,1,48,3.4,6709.0
4836,20,11,1,2,1,4.3,7378.0
1913,82,24,1,1,8,4.2,2835.0
3514,21,46,0,1,33,3.9,4436.0
2881,44,80,0,1,52,3.2,4025.0
2598,72,29,0,1,51,3.2,3468.0
4926,77,44,0,1,4,4.6,7629.0
5155,66,43,1,2,14,3.9,8072.0
2409,22,95,0,1,55,4.7,3392.0
1687,32,40,1,1,29,4.1,2196.0
5544,92,96,1,1,14,4.2,9040.0
5256,48,28,0,1,9,4.9,6964.0
3515,97,77,1,0,9,3.3,5310.0
3592,89,33,0,0,26,4.1,4688.0
5144,21,93,0,0,49,3.1,6226.0
3630,43,48,0,0,47,3.7,4321.0
1857,80,63,1,2,42,3.3,2961.0
3922,84,48,1,0,17,3.4,5399.0
5757,40,26,0,2,41,4.9,7923.0
2997,71,28,1,0,4,4.2,4552.0
3658,22,57,1,2,60,4.8,5796.0
4055,40,44,1,0,46,3.9,4998.0
3842,11,41,1,1,3,4.2,5464.0
4451,24,56,1,0,29,3.1,5676.0
2738,66,56,0,0,25,3.9,3397.0
2473,84,73,1,0,21,4.1,3733.0
5465,43,55,1,1,12,3.0,7767.0
2550,77,44,0,2,54,4.6,3871.0
5201,84,26,1,2,1,3.6,9025.0
4280,38,51,1,1,1,3.9,6585.0
3088,75,38,1,0,45,4.1,4197.0
5378,25,79,0,0,46,5.0,6724.0
3868,48,26,1,0,48,3.2,4903.0
1936,86,90,1,2,7,4.1,3706.0
4328,46,23,0,2,10,4.1,6288.0
3056,90,33,0,1,15,3.1,4264.0
5358,30,66,1,1,40,4.3,7789.0
2804,53,59,0,2,11,3.6,4264.0
3884,28,66,0,0,56,3.2,4640.0
1682,80,70,0,0,46,3.4,2167.0
3089,17,48,1,0,45,4.6,3966.0
3087,86,64,1,0,23,3.2,4422.0
2159,75,45,0,1,13,3.9,2872.0
1659,50,46,0,1,27,3.4,2286.0
5453,84,23,0,2,41,3.3,7872.0
2511,97,36,0,1,17,3.4,3617.0
1552,79,92,1,0,50,4.0,2236.0
3807,70,40,0,2,51,3.5,5641.0
2728,35,82,1,1,13,3.2,3807.0
2535,80,90,0,1,12,4.6,3755.0
5202,92,92,1,1,29,4.1,8435.0
5545,79,53,1,1,21,3.3,8308.0
5949,38,77,0,1,20,3.9,8040.0
2764,75,57,1,0,20,3.1,3833.0
3384,28,66,1,0,31,4.2,4454.0
3309,77,84,1,0,8,3.7,4747.0
4667,67,31,0,1,24,3.2,6185.0
5297,79,13,1,2,11,3.4,8229.0
3841,66,90,1,0,39,3.7,5278.0
4914,46,81,0,0,33,4.6,6369.0
2317,70,55,0,1,42,3.3,3139.0
3937,39,68,1,2,15,3.2,5830.0
2388,80,43,1,0,4,4.0,3569.0
2167,82,20,0,0,1,4.1,2873.0
4124,34,40,0,2,32,3.2,5644.0
5732,74,20,1,1,11,3.6,8243.0
2318,15,65,1,2,30,3.5,3539.0
3688,27,47,0,1,37,3.4,4781.0
2606,19,30,0,0,19,3.6,2982.0
3724,20,19,1,2,51,3.1,5112.0
1697,74,35,1,2,36,4.3,2832.0
4171,86,100,0,0,34,5.0,5863.0
4992,93,17,1,0,7,4.3,7589.0
3948,74,17,1,1,60,3.7,5689.0
1970,61,69,1,0,45,4.3,2761.0
3448,76,81,1,0,20,4.1,4909.0
5399,91,43,0,2,53,4.7,8575.0
3510,87,25,0,1,12,4.2,4769.0
5300,40,22,1,0,32,4.3,6604.0
5618,100,96,1,2,2,3.4,10636.0
5296,26,85,1,0,22,3.8,6847.0
5488,64,100,1,0,41,3.7,7959.0
1734,45,31,0,0,48,3.0,1875.0
2428,35,36,1,0,40,3.6,3166.0
5107,62,73,1,1,24,4.0,8013.0
2022,26,11,0,2,50,4.2,2610.0
5023,95,35,0,2,31,4.9,7822.0
3129,34,92,1,0,4,3.5,4652.0
2816,11,78,0,2,24,3.3,3739.0
4357,95,93,0,0,43,4.7,6421.0
2624,14,39,1,2,17,4.9,3827.0
4087,13,17,1,1,40,4.0,5198.0
2523,45,47,0,1,19,3.2,3353.0
2878,15,70,1,2,40,4.0,4361.0
4874,30,90,0,0,38,3.2,6011.0
3019,86,74,0,0,55,4.8,4245.0
1726,98,76,0,0,34,4.4,2407.0
2391,35,55,1,0,47,3.5,2948.0
5572,64,99,1,1,33,4.8,8999.0
3757,48,81,0,0,6,4.3,5256.0
4288,93,52,0,0,60,4.9,5753.0
1896,42,68,1,0,51,5.0,2604.0
3578,23,55,0,0,36,3.0,3939.0
5924,65,81,0,1,13,3.2,8433.0
4737,90,44,1,2,47,4.1,7913.0
5393,30,48,1,2,9,4.9,8401.0
3505,55,60,1,0,35,5.0,4902.0
3516,25,13,1,0,34,4.1,4277.0
4671,25,89,0,2,16,3.3,6746.0
4168,93,86,1,1,18,3.3,6760.0
3378,38,93,1,1,18,4.5,5077.0
2696,17,60,0,1,38,4.2,3574.0
3272,97,14,0,1,50,4.1,4552.0
1661,12,64,0,1,43,3.9,2218.0
5476,98,29,1,1,32,4.5,8397.0
3251,28,33,0,1,7,4.7,4470.0
2275,75,45,1,1,23,3.6,3377.0
2439,88,43,0,1,23,3.4,3396.0
4720,95,63,1,0,46,4.3,7049.0
2039,83,43,0,1,18,4.8,2777.0
2961,91,92,1,0,7,3.7,4656.0
1855,31,26,1,2,42,3.5,2723.0
5104,55,14,0,0,40,3.5,5827.0
4823,100,98,0,2,24,3.5,7933.0
1734,22,27,1,0,14,3.3,2054.0
3048,42,64,0,2,50,4.2,4516.0
3596,14,62,1,0,5,3.6,5064.0
5713,99,59,1,0,46,4.2,8187.0
3601,86,81,1,2,54,3.2,6111.0
3173,36,100,0,1,57,3.2,4559.0
3600,87,88,1,1,22,4.1,5959.0
5157,33,54,1,1,58,4.0,7257.0
5096,76,22,1,1,22,3.5,7261.0
5248,72,25,1,1,10,4.7,7648.0
4673,57,95,0,0,26,3.4,6035.0
3315,72,93,0,1,15,3.7,4841.0
5341,87,22,1,0,38,4.1,7266.0
3505,21,29,0,2,41,4.7,4824.0
5993,37,75,0,1,42,3.8,8191.0
2174,53,56,1,1,55,3.8,3151.0
1886,52,28,0,1,49,4.2,2445.0
3658,26,54,0,1,1,3.6,5238.0
4161,49,46,0,0,14,4.4,5040.0
3564,58,63,0,0,36,3.5,4537.0
5351,94,15,0,0,31,4.6,6657.0
4753,66,23,0,2,28,3.5,6860.0
5766,96,13,1,0,34,5.0,8203.0
2239,93,95,0,1,35,3.6,3327.0
2901,73,64,1,2,60,4.8,4975.0
4759,84,43,1,2,39,3.8,7808.0
3777,66,36,1,1,23,3.5,5524.0
5404,83,16,0,1,46,3.5,7319.0
5423,83,12,0,1,44,4.7,7333.0
5714,79,56,1,1,19,3.6,8524.0
4727,97,11,1,0,18,3.7,6438.0
4331,85,89,1,2,15,3.4,7396.0
5258,52,34,0,1,1,4.9,7566.0
4012,32,69,0,0,25,3.5,4771.0
3651,36,88,0,1,26,3.5,4891.0
5175,67,33,1,0,35,4.9,7183.0
4245,46,24,0,1,57,4.8,5594.0
5366,15,23,0,1,15,3.5,6266.0
5264,74,63,1,1,4,4.7,8859.0
3722,15,87,0,0,15,3.5,4328.0
4292,59,15,1,1,42,3.2,5709.0
3197,31,87,0,0,38,4.6,3963.0
4962,97,90,1,0,45,4.5,7577.0
5563,34,27,0,2,39,3.6,7626.0
3024,88,29,1,0,58,3.2,4178.0
1532,99,71,0,0,54,3.4,2062.0
5525,81,90,1,0,1,4.5,9018.0
4066,60,89,1,0,22,4.9,5718.0
4303,97,49,0,0,11,3.5,5839.0
5396,57,48,0,2,46,4.6,7876.0
5209,79,61,1,1,38,3.5,7879.0
2219,74,41,0,2,37,4.4,3285.0
2472,69,82,1,2,51,3.2,3939.0
5218,55,36,1,1,26,4.2,7492.0
5902,45,61,0,0,51,3.5,7353.0
3707,67,72,0,1,27,4.9,5190.0
5926,85,83,0,0,58,3.6,7851.0
5820,47,72,1,1,13,3.8,8477.0
4530,20,26,1,2,7,4.7,7154.0
5075,21,58,0,0,8,3.9,5969.0
4616,51,90,1,2,46,3.5,7476.0
4785,48,91,1,0,51,4.1,6512.0
2143,80,32,0,1,51,4.7,3121.0
1694,20,81,1,1,23,3.9,2322.0
5496,45,22,1,1,26,3.3,7505.0
1988,61,32,1,1,44,3.8,2722.0
3704,40,66,0,1,55,4.9,5054.0
4157,42,71,0,2,27,3.1,6103.0
4776,22,63,1,2,9,3.8,7131.0
2602,27,29,0,0,46,4.3,2978.0
2741,50,95,1,2,38,3.2,4432.0
2015,67,61,0,0,47,3.7,2527.0
1892,65,32,1,0,13,4.9,2694.0
2130,33,44,1,2,7,3.1,3471.0
5216,82,76,1,2,11,4.5,8940.0
3347,40,43,1,0,10,4.7,4420.0
4155,64,42,0,2,33,3.6,6161.0
2479,19,55,1,2,39,3.4,3698.0
4902,69,90,1,2,50,4.8,8494.0
5371,11,54,0,1,55,4.5,6690.0
1777,24,28,0,1,3,3.2,2398.0
1732,12,96,1,0,41,3.4,2224.0
3052,52,24,1,2,29,4.2,4647.0
4770,40,87,0,0,37,3.8,5959.0
3909,79,75,1,2,55,4.0,6415.0
5012,76,48,1,1,56,4.9,7716.0
1525,65,27,1,2,45,3.8,2600.0
1960,72,79,1,2,16,4.8,3426.0
5264,84,68,1,2,16,4.3,8975.0
4931,24,41,1,1,44,3.2,6618.0
4983,19,30,1,1,50,4.5,6637.0
3494,47,49,1,1,43,4.0,4989.0
1990,56,36,1,0,49,3.5,2565.0
2572,66,11,0,2,7,3.6,3901.0
4673,59,89,0,1,15,4.1,6578.0
1715,80,48,0,0,38,4.2,2243.0
3223,24,95,1,1,6,4.9,5185.0
3092,27,65,1,2,18,4.7,4907.0
4106,91,22,1,0,19,3.4,5623.0
1658,97,65,0,1,52,4.5,2284.0
4813,11,75,0,1,51,3.0,6272.0
4341,93,87,1,0,2,3.3,6955.0
3276,52,65,0,0,3,3.4,4452.0
3552,35,37,0,0,46,4.2,3958.0
3795,80,73,1,0,54,3.4,5438.0
3196,47,80,1,0,25,3.7,4404.0
4493,51,91,0,1,36,3.5,6516.0
3969,14,73,1,0,54,3.7,5120.0
3446,20,65,0,0,49,4.9,4076.0
5309,74,50,0,2,28,5.0,8025.0
4283,43,50,0,1,38,4.4,5649.0
5144,10,13,1,2,28,4.1,7247.0
4000,92,66,0,1,32,4.4,5908.0
5145,11,39,0,1,51,4.5,6234.0
4145,94,97,1,1,41,4.5,6883.0
3849,29,93,1,0,36,3.2,5099.0
3432,70,55,0,2,39,3.6,5137.0
4794,96,65,1,1,36,3.7,7488.0
3257,30,40,1,1,43,3.7,4449.0
2616,97,97,0,1,54,3.7,4142.0
4067,77,16,1,2,23,4.6,6455.0
4999,21,99,0,1,2,4.5,7346.0
1992,31,86,1,2,10,3.0,3262.0
4806,29,63,1,2,6,3.6,8022.0
2119,91,17,0,0,8,4.2,2704.0
4732,10,64,0,1,15,3.2,5948.0
5323,39,78,1,1,45,3.1,7756.0
3880,33,53,1,2,29,4.7,6018.0
3046,23,22,1,2,28,3.9,4272.0
5063,45,29,0,0,22,4.7,6040.0
3105,78,87,1,1,34,4.6,4981.0
5252,84,41,0,2,20,4.8,8167.0
3390,33,69,1,1,33,3.1,4726.0
2775,69,59,1,1,15,3.4,4245.0
4243,64,36,1,1,7,3.6,6593.0
3993,86,34,1,2,24,3.3,6386.0
1856,89,61,1,1,26,4.0,2844.0
2369,33,77,0,2,50,4.6,3422.0
2385,86,30,0,0,10,4.9,3154.0
3501,33,27,0,0,15,4.8,3981.0
2783,63,48,1,2,37,3.9,4428.0
2119,35,24,0,1,59,4.3,2527.0
2382,75,62,0,0,24,3.5,2901.0
2296,89,47,1,0,11,3.8,3402.0
5142,47,57,1,2,40,4.7,8304.0
4925,74,61,0,2,21,3.1,7423.0
2796,84,97,0,2,40,4.1,4635.0
1744,60,81,0,2,38,4.7,2684.0
4395,44,37,0,2,15,3.2,6215.0
2429,52,94,0,2,15,5.0,3725.0
2019,38,25,0,2,37,3.0,2618.0
4712,46,25,0,1,45,4.8,6128.0
3909,90,44,1,1,14,3.7,5982.0
1507,67,26,0,1,43,3.3,1915.0
4025,63,82,1,1,52,3.3,5984.0
4923,48,61,1,0,21,4.4,6757.0
3519,51,91,1,1,44,4.7,5380.0
5782,37,21,0,0,20,4.3,6529.0
5167,38,92,0,0,33,4.9,6822.0
5171,52,57,1,0,3,4.7,7911.0
4301,12,31,0,2,40,3.0,5633.0
1585,19,58,0,0,23,4.3,1936.0
4615,68,61,1,0,44,3.6,6241.0
5732,23,88,0,0,47,3.9,7101.0
3968,85,10,1,2,23,3.2,6226.0
5119,56,75,1,1,27,3.6,7557.0
3136,51,73,1,1,35,4.3,4638.0
5083,41,17,1,0,25,3.4,6306.0
5509,41,95,0,0,32,4.3,7107.0
4826,51,34,1,1,22,4.8,7046.0
3718,41,75,0,1,8,3.0,4993.0
3717,35,82,0,1,56,4.6,5132.0
3869,10,82,0,1,51,4.3,5172.0
5138,65,86,0,0,52,3.1,6921.0
4003,11,79,1,0,38,4.6,5252.0
2443,90,88,1,0,18,3.4,3636.0
4337,39,60,1,1,28,3.5,6285.0
4160,80,62,1,2,28,3.2,6952.0
4436,61,24,1,1,11,4.1,6344.0
5944,100,59,0,1,12,4.0,8853.0
5447,18,80,1,2,55,3.7,8418.0
3176,31,84,0,2,2,3.3,4916.0
2696,43,47,0,1,59,4.7,3492.0
5605,58,49,1,2,37,4.8,8981.0
4287,10,75,0,2,60,4.1,5978.0
2961,82,48,0,2,4,3.5,4900.0
4818,93,83,1,1,41,3.2,7698.0
2166,62,26,1,1,45,4.7,3020.0
3676,92,16,1,2,45,3.2,5857.0
5243,49,48,0,0,47,3.0,6041.0
2100,54,77,1,2,34,3.9,3373.0
4152,77,44,1,2,23,4.5,6606.0
5922,18,60,0,1,13,3.9,7533.0
5324,31,56,1,0,7,3.1,7507.0
5406,27,45,0,2,32,4.4,7508.0
2479,85,73,0,0,23,4.3,3172.0
3951,52,98,1,1,49,4.4,6105.0
2128,48,22,0,0,8,3.4,2351.0
3129,82,27,0,1,50,4.6,4346.0
5196,15,30,1,2,47,4.0,7420.0
4930,92,74,1,1,47,4.1,7883.0
5174,57,17,1,0,37,4.1,6709.0
5429,16,57,0,0,34,3.6,6146.0
4265,89,94,0,0,48,3.5,5950.0
5869,78,52,1,2,29,3.0,9411.0
1615,25,62,1,0,37,3.8,2163.0
3503,10,94,1,0,23,4.0,4598.0
2192,46,36,0,0,38,4.5,2670.0
4662,92,28,1,1,29,3.1,6969.0
2605,46,32,0,0,44,4.8,2916.0
4508,90,59,1,1,5,3.5,7632.0
3661,73,60,0,0,52,3.7,4761.0
1653,99,52,0,1,40,3.1,2319.0
5199,95,60,1,1,11,4.3,8343.0
5910,71,78,0,2,14,4.4,9428.0
5286,81,50,0,2,56,4.9,8227.0
2564,70,81,1,1,49,3.7,3753.0
5700,42,20,1,1,42,3.5,7675.0
3413,75,89,0,2,2,4.5,5849.0
2716,39,97,0,1,35,4.4,3628.0
3901,29,94,0,2,45,4.9,5980.0
3272,69,61,1,2,49,3.4,5435.0
3460,91,32,0,0,59,4.4,4476.0
4280,83,58,0,0,35,3.1,5573.0
4371,33,47,1,2,42,4.0,6741.0
2160,13,56,1,2,28,3.2,3170.0
4135,46,81,1,1,8,4.3,6140.0
3829,13,16,1,2,32,4.2,5155.0
5454,86,75,1,2,4,3.1,9940.0
3950,98,86,0,0,45,3.6,5580.0
2632,86,71,0,2,7,3.8,4612.0
2199,27,96,0,1,39,3.5,2750.0
3538,97,38,1,2,48,3.1,5978.0
6000,75,47,1,0,27,3.6,8120.0
3679,57,93,1,0,37,4.6,5401.0
4338,42,42,0,0,60,3.7,4914.0
2373,67,38,1,0,17,3.6,3075.0
1583,92,88,1,2,10,4.9,2737.0
2922,82,32,1,1,4,3.1,4548.0
4175,37,12,0,1,23,4.5,5111.0
4680,44,54,1,1,14,4.0,6868.0
5816,19,17,1,2,5,4.9,9091.0
5475,74,95,0,2,2,3.8,9712.0
2891,51,38,1,2,46,4.4,4582.0
4718,94,11,1,1,24,3.1,6638.0
5707,18,59,1,2,18,4.9,8643.0
2114,69,74,0,2,27,3.7,3234.0
4471,24,29,1,0,24,4.0,5329.0
5065,66,61,1,0,29,3.3,7033.0
5076,78,94,0,1,11,4.9,7804.0
1770,31,46,0,0,48,4.3,2290.0
5566,73,81,1,0,18,3.1,7841.0
3968,50,36,0,0,59,3.3,4704.0
2890,96,56,1,2,48,3.8,4826.0
4854,80,15,0,0,53,3.4,5834.0
5635,65,69,1,0,4,3.6,8621.0
5107,32,54,1,0,33,5.0,6900.0
4083,34,53,1,2,14,4.3,6360.0
5573,100,92,0,1,44,4.8,8832.0
4575,15,27,0,2,56,3.9,6051.0
5406,43,74,1,2,42,4.4,8737.0
1789,72,34,1,0,32,3.9,2516.0
3980,18,36,1,1,60,3.7,5186.0
4752,69,16,1,0,51,4.0,6179.0
1778,58,53,0,0,4,3.9,2410.0
4424,60,38,0,1,20,5.0,5980.0
2080,69,53,1,1,21,4.0,3205.0
1753,79,45,0,2,3,4.6,2900.0
5776,46,28,0,1,25,4.3,7519.0
2324,40,15,0,2,4,4.0,3523.0
5332,50,34,1,2,58,3.9,8107.0
2199,71,40,1,0,47,3.7,2812.0
2880,67,18,0,0,11,3.2,3359.0
5396,23,93,0,0,16,4.5,6803.0
3173,45,83,1,1,59,4.8,4833.0
4227,45,46,1,1,36,3.4,5742.0
4656,88,36,1,2,6,4.9,8366.0
4888,17,22,0,2,31,3.5,6343.0
5807,35,50,0,2,40,4.1,8332.0
1883,45,75,0,1,13,3.7,2661.0
1841,57,94,1,2,23,3.2,3076.0
3487,94,33,1,2,52,3.1,5814.0
5559,37,53,1,1,4,3.7,8639.0
4609,77,69,1,0,37,3.1,6421.0
5582,71,18,1,1,42,3.2,7827.0
4298,89,11,0,2,37,3.3,6276.0
4740,95,65,0,0,44,3.0,6305.0
3488,85,39,0,1,33,3.3,4878.0
4914,89,31,1,0,56,4.2,6690.0
3349,60,84,0,0,42,4.6,4586.0
1805,51,90,1,2,29,3.4,2942.0
5113,38,22,0,1,37,3.2,6445.0
4249,91,80,0,2,19,4.5,6829.0
2635,19,25,1,1,51,3.0,3275.0
1705,48,54,0,1,20,4.5,2419.0
4950,91,74,0,1,32,3.3,7227.0
5311,10,20,0,0,44,3.5,5464.0
5122,48,79,0,0,55,3.2,6534.0
5099,30,29,0,2,16,3.5,6830.0
4051,74,72,0,1,5,4.6,6435.0
5808,24,99,0,1,49,3.3,7819.0
1809,13,21,1,0,46,5.0,2237.0
4208,69,71,0,1,12,3.7,6006.0
3491,70,100,1,2,45,4.8,6131.0
1771,29,51,0,1,21,3.4,2137.0
5142,19,92,1,1,14,3.4,7385.0
5586,96,78,1,0,37,4.1,8352.0
3322,43,67,0,1,22,3.1,4357.0
4773,57,14,1,2,30,4.6,7154.0
5849,42,36,1,2,23,3.9,8820.0
2020,70,37,0,2,5,4.4,3251.0
2476,19,35,1,2,29,3.3,3671.0
5222,63,100,0,0,59,4.3,7184.0
5051,93,58,1,1,30,4.2,7854.0
5605,74,30,1,0,18,4.5,7555.0
4273,86,10,1,2,46,3.6,6721.0
4052,10,67,1,1,50,4.9,5724.0
4332,14,88,0,0,52,4.9,5441.0
5407,89,64,0,1,1,4.7,8715.0
1652,24,90,0,2,39,4.1,2457.0
4464,37,35,0,2,17,3.8,6038.0
4416,32,93,0,1,3,3.1,6462.0
4300,26,34,1,1,42,4.9,5984.0
3252,22,86,0,2,7,4.9,5141.0
4110,23,42,1,0,27,3.0,4812.0
5375,20,98,0,2,28,3.7,7997.0
2604,37,81,0,1,44,4.8,3579.0
4036,51,78,0,0,54,3.2,5000.0
5699,70,15,0,2,31,3.4,7973.0
5354,73,32,1,1,15,5.0,7812.0
4994,40,39,0,1,55,4.7,6500.0
3414,90,87,1,1,53,4.8,5564.0
4572,82,63,1,0,48,3.3,6564.0
2506,19,96,0,0,8,3.4,3043.0
1906,17,20,1,0,6,4.2,2470.0
1666,30,40,1,0,28,4.0,2054.0
2008,86,15,0,1,4,3.6,2747.0
3161,68,20,1,1,30,4.8,4519.0
5164,59,86,0,0,43,4.8,6955.0
4989,78,21,0,0,17,3.6,6105.0
2180,79,75,1,1,34,3.3,3446.0
4024,39,62,1,2,60,3.3,6301.0
3620,26,45,1,2,6,4.0,5700.0
5857,84,26,1,1,36,3.3,8483.0
2863,29,37,1,0,35,3.9,3648.0
2831,57,31,1,0,39,3.9,3682.0
3792,82,16,1,1,39,4.8,5567.0
3038,11,24,0,2,16,3.6,4054.0
4908,46,20,0,1,2,4.1,6804.0
2060,10,33,0,1,8,4.5,2437.0
2599,13,76,1,1,15,4.2,3571.0
3403,63,39,1,0,27,4.9,4471.0
1674,34,79,1,0,16,4.2,2226.0
3656,12,75,0,0,1,4.8,4862.0
3730,18,70,0,2,59,3.5,5146.0
5787,95,87,0,1,10,4.1,8838.0
5660,96,50,1,1,7,4.1,9491.0
5420,85,91,0,2,48,5.0,8960.0
2997,83,60,0,0,10,3.4,4063.0
5354,43,53,1,1,12,3.3,7563.0
4671,52,22,0,2,17,4.2,6615.0
3067,83,99,0,0,45,3.4,4453.0
2651,31,21,0,0,12,4.3,2924.0
1868,79,91,1,1,15,4.9,3082.0
1542,11,18,0,0,46,4.9,1614.0
3407,75,94,1,2,51,3.5,5864.0
4990,41,57,1,0,32,3.3,6367.0
4035,25,58,0,1,32,4.1,5196.0
5673,85,62,0,2,51,4.2,8887.0
4373,10,65,1,0,26,4.3,5395.0
3324,81,49,1,0,14,4.5,4468.0
2793,57,33,1,0,50,4.2,3695.0
4886,59,81,1,2,26,3.2,7874.0
4472,22,42,1,0,5,4.6,6140.0
5422,24,32,0,1,52,3.2,6596.0
2492,62,86,1,2,38,3.0,3933.0
3886,53,63,0,2,50,4.5,5813.0
3740,17,62,1,0,46,4.1,4549.0
2976,83,58,0,2,4,4.4,5009.0
4907,55,87,1,1,28,3.8,7616.0
1889,78,87,0,2,55,3.0,2929.0
2499,28,89,0,1,1,3.7,3598.0
3355,47,58,1,0,13,4.2,4425.0
2158,20,69,1,2,43,3.5,3416.0
4263,52,99,0,1,3,4.4,6703.0
5163,29,99,0,0,49,4.6,6456.0
2981,29,74,0,1,50,3.9,3791.0
5231,30,41,1,2,25,4.8,7869.0
1951,91,88,1,2,42,4.7,3507.0
3975,66,30,1,1,16,4.8,5848.0
4722,59,27,1,0,21,4.3,6267.0
3037,83,69,0,0,13,3.6,4104.0
4593,35,22,1,0,52,4.0,5634.0
2382,39,33,1,0,44,4.4,2758.0
5908,82,39,1,1,36,3.4,8900.0
5568,40,11,1,2,8,4.5,8036.0
4066,51,92,1,1,44,4.1,6448.0
4777,77,34,0,2,19,3.2,6972.0
1874,70,59,1,2,47,4.1,2983.0
5197,70,23,0,1,60,3.1,6773.0
4562,79,15,1,1,16,3.0,6468.0
4750,87,85,1,0,12,4.8,7000.0
1612,77,93,1,2,20,4.0,2674.0
4697,99,96,1,0,18,4.1,7313.0
3878,26,39,0,0,54,3.6,4508.0
3424,28,39,0,1,12,4.1,4223.0
1639,60,47,1,0,48,3.3,2199.0
2924,79,67,0,0,25,4.5,3863.0
4449,72,50,0,0,60,4.6,5789.0
4668,84,66,1,1,52,4.7,7260.0
2016,89,45,0,0,11,3.2,2669.0
4116,39,73,0,0,22,4.1,5095.0
2387,34,25,1,1,52,4.6,3209.0
4604,84,97,1,1,46,3.3,7370.0
1549,80,87,0,1,34,3.2,2420.0
5451,35,99,1,2,13,4.6,8906.0
5060,65,81,1,1,46,4.6,7894.0
1518,31,23,1,2,38,3.9,2219.0
2973,98,40,0,1,12,3.2,4231.0
5561,28,75,1,1,39,4.0,8102.0
4106,40,77,1,1,36,3.8,6094.0
1951,35,74,0,2,28,4.0,2733.0
5265,51,64,0,0,27,3.9,6626.0
3938,50,93,0,1,39,4.1,5787.0
5810,32,87,0,2,13,4.5,8700.0
3049,56,49,0,1,43,4.5,4249.0
4974,22,34,1,0,40,4.3,5819.0
1627,98,34,0,2,27,3.4,2398.0
4261,75,12,1,1,51,3.8,6297.0
5956,75,78,0,1,31,3.1,8629.0
2915,25,35,1,1,2,3.9,4321.0
1701,82,49,1,0,53,4.9,2600.0
3869,37,47,0,2,18,4.3,5418.0
2017,86,47,0,1,26,3.3,2964.0
2841,44,77,0,1,53,3.5,3796.0
3488,50,16,0,2,42,3.1,4786.0
5045,86,39,0,0,31,3.4,6260.0
5302,40,28,0,0,38,4.0,6064.0
4775,94,44,1,0,56,3.7,6868.0
5154,41,42,1,0,22,3.4,6476.0
3934,63,42,1,0,36,3.3,5238.0
1707,81,87,1,1,19,4.3,2681.0
4133,68,47,1,1,14,4.1,6166.0
5617,50,19,0,1,14,4.7,7351.0
1653,75,66,0,2,50,3.4,2477.0
4866,63,37,1,0,29,4.7,6453.0
5814,49,87,1,2,17,4.2,9474.0
3018,37,47,0,0,50,3.5,3486.0
4100,46,25,0,0,50,3.5,4502.0
3695,74,30,0,2,37,3.8,5484.0
5998,83,15,0,1,9,3.9,8135.0
5054,64,50,1,2,1,3.2,8437.0
3914,13,24,1,1,4,4.7,5732.0
4349,19,12,0,0,58,3.2,4511.0
3242,56,52,0,1,7,4.0,4860.0
2806,84,56,1,0,11,3.8,3937.0
5349,23,23,1,0,14,4.0,6443.0
5668,47,75,1,1,42,4.8,8528.0
5695,21,38,0,0,19,5.0,6628.0
4055,54,13,1,1,40,3.0,5478.0
3805,26,35,0,2,3,3.8,5764.0
2588,89,21,0,0,8,4.6,3441.0
4142,44,11,0,0,29,3.7,4629.0
2677,75,26,1,2,50,4.3,4209.0
4494,84,44,1,0,37,5.0,6429.0
2059,50,19,0,2,52,4.3,2688.0
4464,76,95,1,2,43,3.2,7479.0
2771,38,52,0,0,9,4.7,3266.0
3313,27,30,1,2,19,4.9,4975.0
4415,29,24,0,2,12,4.4,6044.0
2109,23,44,0,2,27,3.8,3028.0
3961,43,94,1,0,37,4.9,5718.0
5620,58,94,1,2,48,4.9,9304.0
1783,63,94,0,1,58,4.9,2476.0
4428,40,69,1,1,25,3.8,6416.0
5896,67,53,0,2,45,4.6,8828.0
2591,51,14,0,1,38,4.3,3114.0
2316,67,82,0,0,48,3.4,2964.0
1582,91,27,0,2,50,4.1,2195.0
3420,39,30,0,0,17,4.5,3882.0
4991,34,81,0,1,44,4.8,6969.0
4644,72,83,0,1,59,4.7,6818.0
3593,28,60,0,1,33,3.3,4776.0
1675,81,50,1,1,39,4.0,2485.0
4204,17,33,1,0,14,4.0,5115.0
1869,12,33,0,2,28,4.8,2472.0
3318,76,47,0,0,18,3.0,4139.0
3601,95,53,0,2,55,4.5,5690.0
4990,90,66,1,1,33,4.2,7925.0
3279,26,68,0,1,52,4.8,4453.0
2864,23,43,0,1,42,3.9,3803.0
5962,18,84,0,1,15,4.3,7964.0
4842,71,91,1,0,11,4.9,7206.0
5176,30,32,1,2,36,4.5,7591.0
3926,85,95,1,2,15,3.1,6802.0
1572,46,52,0,1,53,3.3,2072.0
4462,20,91,0,0,48,4.6,5276.0
2359,29,49,1,1,30,3.7,3164.0
5356,44,56,0,2,58,4.4,7650.0
5638,62,50,1,2,15,4.4,8947.0
3924,56,56,1,0,49,5.0,5414.0
2564,84,29,0,2,23,3.9,3817.0
3717,61,86,0,0,43,4.5,5013.0
5517,17,74,0,1,50,3.1,6844.0
3759,13,77,0,1,60,3.9,4979.0
5251,36,33,1,0,48,3.4,6515.0
3586,53,45,1,1,59,4.7,5091.0
1868,49,54,1,0,15,4.7,2506.0
4304,56,11,1,1,29,3.5,6092.0
1650,53,37,1,1,11,3.6,2475.0
2634,57,35,1,2,45,4.4,4270.0
4284,100,32,0,2,18,4.5,6668.0
5664,94,88,1,0,40,4.3,8686.0
3846,61,45,0,1,31,5.0,5448.0
3750,93,100,0,1,9,4.7,5764.0
1560,77,15,1,1,22,3.8,2364.0
4510,20,44,1,2,11,3.7,6716.0
5401,86,47,0,0,17,4.2,7003.0
2837,82,44,0,0,33,4.6,3706.0
2684,13,83,1,0,11,4.0,3608.0
5926,85,62,1,1,39,4.5,9262.0
3051,82,47,0,0,8,3.0,3960.0
5933,86,68,1,2,51,4.9,10089.0
3129,57,52,1,2,57,4.5,4878.0
2827,35,13,1,0,4,3.8,3650.0
3026,86,14,1,1,36,3.8,4369.0
3173,48,77,1,2,19,3.2,5086.0
2861,67,54,0,2,24,4.6,4189.0
3073,28,89,1,1,41,4.5,4727.0
4186,97,34,1,1,49,4.3,6524.0
5870,92,87,0,0,18,3.2,8146.0
3866,86,20,0,2,33,3.5,5794.0
5257,86,38,1,2,46,3.9,8470.0
3934,67,43,1,0,36,3.5,5108.0
3493,37,95,0,0,10,3.9,4495.0
2369,75,23,1,2,55,3.5,3791.0
2514,19,33,1,2,14,3.7,3573.0
3411,95,68,1,1,7,4.3,5793.0
2102,86,48,0,1,12,4.8,2985.0
5321,67,35,1,2,22,3.8,8389.0
2190,82,52,1,2,27,4.4,3682.0
1993,23,45,0,1,48,3.3,2662.0
1989,93,48,1,0,37,4.1,2881.0
4056,24,70,1,0,11,4.8,5250.0
5985,42,25,1,2,36,3.1,8753.0
1794,26,68,1,2,60,3.5,2628.0
5527,33,15,0,1,13,3.3,6798.0
4343,39,65,0,2,32,4.1,6251.0
4412,71,17,1,0,8,4.4,5752.0
3217,22,36,1,1,7,3.1,4711.0
4096,71,80,1,1,43,3.1,6426.0
3373,56,36,1,0,43,4.7,4753.0
4758,25,98,0,0,58,3.9,5818.0
4317,75,55,0,1,17,3.9,6151.0
1944,90,50,0,2,22,4.9,3074.0
5141,52,88,1,0,46,3.6,7126.0
5958,17,34,1,1,34,4.8,7988.0
2241,12,95,1,2,20,4.9,3412.0
3541,21,27,0,2,53,3.5,4873.0
2179,93,21,0,1,8,4.0,2820.0
3967,25,96,0,0,22,4.1,4952.0
5197,87,60,0,2,27,4.7,8413.0
2858,89,48,0,0,34,3.6,3748.0
1562,68,98,1,1,21,4.6,2426.0
4059,58,19,1,0,15,4.9,5216.0
5269,72,83,1,2,5,4.7,9722.0
5851,71,86,0,1,38,4.8,8655.0
1634,58,63,1,2,17,4.4,2637.0
5144,60,38,1,2,8,4.8,8195.0
3635,42,50,0,1,19,3.3,4828.0
4778,39,18,0,1,5,4.4,6578.0
2322,68,72,0,0,23,4.5,2932.0
4574,85,86,1,1,19,3.9,7204.0
4481,24,46,0,0,14,3.2,5188.0
1620,91,23,1,1,10,4.2,2426.0
3137,32,82,1,2,31,3.1,4758.0
2424,87,81,0,0,13,3.8,3226.0
2144,54,48,1,1,22,3.8,3206.0
3532,71,49,0,0,37,5.0,4584.0
4261,88,63,0,0,39,3.6,5504.0
3568,80,12,1,0,10,4.6,4649.0
1741,24,64,1,2,31,3.1,2728.0
4168,55,42,1,1,43,4.1,5941.0
2302,73,80,0,1,35,4.1,3570.0
5664,55,28,1,0,13,4.3,7532.0
1695,65,43,0,1,30,4.6,2486.0
3687,53,87,0,2,34,4.5,5779.0
5015,84,59,1,0,36,4.5,7302.0
3830,38,56,1,2,35,3.9,5891.0
3859,71,55,1,2,47,4.5,6306.0
5106,98,65,1,1,4,4.0,8662.0
1776,61,66,0,1,55,3.1,2441.0
1560,63,92,1,0,53,4.8,2145.0
4890,97,60,0,2,4,4.8,8546.0
3413,66,63,1,1,47,3.6,4985.0
5427,92,99,1,0,6,4.8,8993.0
4091,75,90,1,0,55,4.5,5779.0
2066,31,37,0,1,28,3.8,2528.0
5435,29,28,1,2,30,3.7,7841.0
3071,42,36,0,0,27,5.0,3645.0
2700,81,57,1,1,5,4.4,4632.0
5909,34,28,1,0,44,3.8,7269.0
4354,55,60,0,1,39,4.3,6101.0
4395,82,16,0,0,35,4.1,5522.0
2736,66,38,1,2,39,4.0,4453.0
1636,96,52,1,0,44,4.3,2276.0
2529,14,78,0,1,15,4.1,3191.0
3656,64,67,1,1,19,4.3,5533.0
4094,70,17,0,1,30,4.8,5398.0
2161,98,51,1,2,38,5.0,3666.0
3972,17,85,0,1,32,4.4,5218.0
4177,25,51,0,1,40,4.9,5317.0
3808,57,22,0,2,29,4.7,5515.0
1586,70,35,0,1,6,3.6,2534.0
4012,24,27,0,1,26,4.9,4996.0
4442,74,51,1,2,27,3.1,7133.0
4273,31,60,1,0,35,3.7,5497.0
4004,12,93,1,1,28,4.3,5756.0
4810,63,25,1,0,5,4.1,7045.0
3200,23,12,1,2,41,4.1,4513.0
5170,45,100,1,1,56,4.6,7651.0
4200,91,88,1,1,48,3.4,6647.0
5129,91,54,1,2,54,5.0,8707.0
3147,76,31,1,1,16,3.9,4598.0
4818,19,32,0,0,41,4.9,5417.0
5187,58,68,0,0,18,3.8,6542.0
2096,74,71,1,2,13,4.2,3503.0
1984,100,77,0,1,43,3.9,3214.0
2145,66,63,1,1,25,4.4,3219.0
4589,36,66,0,2,10,3.4,6834.0
5884,84,32,0,0,29,3.8,7485.0
2220,14,69,0,0,10,3.1,2476.0
1998,80,82,1,2,6,4.2,3751.0
3173,92,97,1,1,16,4.9,5028.0
4567,66,94,1,0,25,3.1,6509.0
1614,24,64,1,1,44,4.3,2328.0
4479,85,89,0,0,4,4.6,6908.0
3236,39,72,1,1,37,3.4,4728.0
5111,29,65,0,0,34,3.5,6129.0
3753,46,64,1,1,19,3.4,5445.0
3794,12,34,0,2,33,3.6,5092.0
5130,82,35,0,0,4,3.2,7023.0
1646,50,58,0,2,44,3.7,2535.0
5482,48,72,0,0,34,3.7,6815.0
4953,35,54,1,0,12,4.6,6582.0
3910,11,82,1,0,31,4.6,5087.0
1636,32,88,0,1,16,4.6,2289.0
4860,32,48,1,0,2,4.1,6909.0
4505,94,74,1,2,49,3.7,7856.0
5052,25,78,0,1,58,3.8,6716.0
1518,18,65,1,1,60,3.6,2116.0
3742,22,18,1,0,2,4.2,4685.0
1948,37,79,1,1,36,4.9,2812.0
3448,36,37,0,0,6,3.6,4259.0
2445,60,54,1,2,60,3.9,3848.0
5736,73,35,0,1,23,4.3,7820.0
3420,61,37,0,1,39,4.7,4569.0
4477,90,49,0,2,55,3.5,6816.0
5688,47,24,1,2,47,3.6,8531.0
5515,74,15,1,0,52,4.8,7156.0
1738,27,36,1,1,44,3.2,2210.0
1704,72,47,0,2,37,4.2,2583.0
4107,60,77,1,1,46,4.7,6407.0
5840,18,84,0,2,16,4.8,8480.0
4888,22,94,1,1,43,3.0,7110.0
4472,49,73,0,2,44,3.7,6417.0
5890,64,39,1,1,19,3.5,8485.0
4187,88,91,1,0,49,4.1,6309.0
5666,52,12,1,1,24,4.3,7700.0
2848,53,71,0,0,58,5.0,3556.0
5900,77,21,0,0,27,4.0,7267.0
2316,42,100,1,0,7,4.1,3546.0
2320,33,39,0,1,30,3.8,2866.0
1692,45,94,0,1,41,3.3,2337.0
3276,19,47,0,0,14,3.6,3630.0
5145,29,94,1,2,58,3.5,8270.0
1750,84,69,1,1,52,4.6,2829.0
3288,21,47,1,1,44,4.1,4504.0
5200,71,24,0,1,15,3.6,7107.0
3963,27,27,1,1,12,4.0,5400.0
2667,72,61,0,0,53,3.4,3543.0
5393,93,38,0,2,53,3.4,8401.0
2596,34,69,1,2,29,4.7,4074.0
4179,21,30,1,2,23,4.9,6021.0
3347,30,26,1,2,13,3.2,4648.0
5404,34,27,0,0,9,4.5,6270.0
2004,20,66,0,1,24,3.9,2498.0
3121,73,46,1,1,39,3.8,4966.0
3972,82,69,0,0,30,4.4,5270.0
4046,59,47,1,1,1,3.5,6267.0
2887,71,21,1,0,60,3.0,3801.0
4494,98,84,1,2,10,3.4,7868.0
5316,58,93,1,0,38,3.4,7681.0
2217,23,82,1,1,58,3.1,3110.0
4984,10,10,1,1,47,3.6,6346.0
5934,90,67,0,1,15,3.9,8716.0
2158,34,12,0,2,9,4.5,2982.0
5508,68,72,1,0,13,3.7,7698.0
5734,81,30,1,0,23,3.4,7889.0
5264,78,32,0,1,33,3.5,7394.0
4489,14,18,0,0,9,4.8,4756.0
3604,28,92,1,1,3,3.4,5836.0
2755,32,64,1,0,30,4.8,3552.0
3982,18,28,0,2,9,3.9,5426.0
1883,59,71,1,2,52,4.9,3265.0
4107,25,96,0,0,25,3.8,5015.0
1693,42,100,1,2,47,3.4,2629.0
5307,11,100,0,2,24,4.1,7725.0
5219,23,48,1,2,32,4.2,7911.0
4081,10,85,1,1,7,4.3,6363.0
4065,99,36,1,0,36,3.8,5705.0
4263,67,55,0,0,25,3.1,5401.0
4298,98,43,1,1,20,4.3,6648.0
3839,25,42,0,1,17,4.9,4942.0
4906,88,59,0,2,54,4.9,7882.0
2231,99,29,0,0,36,4.2,2960.0
4372,56,49,0,1,26,3.0,5975.0
4620,53,67,1,2,19,3.2,7186.0
5677,89,40,1,0,60,4.7,8128.0
4104,23,47,1,2,37,4.7,6078.0
3882,33,95,0,0,48,4.9,4967.0
2031,64,54,1,2,3,4.1,3509.0
5816,24,50,0,0,43,4.7,6777.0
2134,92,18,0,0,57,4.6,2588.0
3269,81,18,0,0,28,4.2,4004.0
5304,43,72,1,0,22,4.6,7249.0
3870,11,88,0,2,47,3.3,5486.0
1502,36,86,1,1,19,4.3,2377.0
1705,83,31,1,0,53,4.9,2354.0
5635,96,25,1,0,56,3.3,7707.0
4121,81,41,0,0,46,4.5,5343.0
4390,32,75,1,0,16,3.6,5760.0
4693,77,99,0,2,56,4.6,7747.0
4166,23,23,0,1,6,4.4,5608.0
4806,72,47,0,1,37,4.9,6667.0
2397,74,17,0,1,31,4.4,3214.0
2585,77,30,1,2,53,3.8,4129.0
2779,72,65,1,1,49,3.0,4185.0
2170,99,55,1,2,48,4.6,3616.0
3005,90,52,1,2,34,3.8,5001.0
5075,96,55,0,0,31,4.3,6932.0
3455,73,57,0,2,60,3.2,5242.0
1749,41,79,0,1,11,4.8,2370.0
3392,88,93,0,1,36,3.9,5158.0
4939,22,40,1,1,6,4.8,7579.0
3353,75,42,1,0,27,4.4,4512.0
4354,28,53,0,0,7,3.2,5687.0
3003,33,80,0,0,49,4.2,3507.0
4885,97,17,0,2,32,4.8,7427.0
5071,20,82,0,1,8,4.6,6772.0
5292,68,11,1,2,60,3.8,8163.0
4926,95,26,0,2,33,4.9,7798.0
1543,24,61,1,1,57,3.5,2248.0
5112,19,54,1,0,47,3.8,6418.0
4118,50,46,0,1,52,4.5,5643.0
4663,36,51,0,2,44,3.5,6461.0
2788,69,53,1,2,15,4.0,4588.0
4442,82,90,1,0,55,4.5,6519.0
1719,61,47,0,2,27,4.3,2486.0
3425,37,15,1,2,30,3.3,4972.0
4472,74,77,0,1,22,4.3,6412.0
5013,26,60,0,0,47,4.1,6050.0
3948,53,44,1,1,29,4.1,5677.0
4971,19,67,1,1,41,4.7,6899.0
4274,72,66,0,1,48,3.4,6186.0
2490,91,82,0,2,30,4.5,4055.0
4446,56,15,1,2,2,4.5,7308.0
3312,47,22,1,0,15,4.4,4173.0
2303,79,68,1,2,47,4.0,3551.0
1989,85,95,1,0,27,3.8,3094.0
5056,62,39,0,1,7,3.8,7450.0
2993,87,11,0,1,27,4.5,4107.0
5145,53,67,0,2,21,4.0,7793.0
4391,83,45,1,2,13,3.7,7106.0
3205,63,81,1,0,55,4.3,4445.0
5016,29,54,0,2,17,4.7,7095.0
4840,88,18,1,2,11,3.1,7679.0
1553,40,74,1,2,59,4.9,2492.0
4075,16,86,1,1,10,3.2,5834.0
5091,67,59,1,2,57,4.0,8368.0
2115,19,88,1,2,33,4.1,3390.0
2454,19,41,1,1,14,3.3,3382.0
3933,48,52,0,1,37,4.8,5274.0
3129,37,87,0,1,8,3.9,4375.0
4281,39,63,0,1,33,3.3,5608.0
2149,46,56,0,2,7,4.4,3333.0
3847,76,23,1,2,34,4.3,6119.0
5990,52,57,0,2,7,4.9,9848.0
4778,88,64,0,0,7,3.9,6992.0
4140,94,38,0,1,41,3.5,5857.0
5301,61,56,0,2,54,3.1,7900.0
4061,65,72,1,2,36,4.5,6656.0
4749,85,28,1,2,55,4.2,7720.0
1870,77,100,0,1,7,4.9,3014.0
2357,18,18,0,1,20,4.4,2883.0
1883,32,46,1,1,18,4.9,2533.0
5377,72,61,1,2,45,5.0,9071.0
4052,70,66,0,1,43,3.9,5820.0
5834,49,97,1,2,41,3.3,9734.0
5790,53,37,1,0,14,3.4,7355.0
4225,95,45,0,1,40,3.6,6119.0
5534,33,73,1,1,53,4.0,7986.0
4793,60,27,0,2,14,3.2,6655.0
5751,67,98,0,1,21,3.6,8456.0
5488,99,44,1,1,49,3.6,8511.0
2422,42,77,1,2,59,3.0,3997.0
4415,25,87,1,2,57,3.7,6855.0
4450,31,48,1,2,27,3.2,6671.0
4546,66,99,1,0,46,3.9,6647.0
2474,71,17,1,2,26,3.4,3772.0
2730,91,97,0,1,27,4.6,4226.0
3935,80,89,1,0,24,3.2,5792.0
3314,99,93,0,2,5,4.7,6008.0
4434,81,24,1,0,42,4.2,5965.0
2863,79,16,1,0,38,3.9,3734.0
5440,39,26,1,1,28,4.1,7286.0
1703,32,95,1,0,42,3.8,2409.0
1660,41,95,1,2,43,3.3,2621.0
5987,95,73,0,0,58,4.5,8451.0
2268,66,21,0,0,32,4.9,2903.0
5248,18,91,0,1,24,4.9,7401.0
4081,40,65,1,1,6,4.3,6503.0
2593,80,55,1,2,10,3.8,4309.0
6000,18,56,1,1,46,4.0,8293.0
2107,22,88,0,2,52,4.3,3131.0
3040,67,25,0,2,3,4.6,4974.0
4375,12,78,1,1,7,3.7,6657.0
4691,44,11,0,0,29,4.8,5436.0
3337,30,63,1,1,34,3.6,4681.0
2189,73,36,1,0,7,4.1,3113.0
5259,61,40,0,0,17,4.9,6648.0
4449,43,50,0,2,13,4.9,6243.0
3603,44,45,0,2,58,4.4,5261.0
1865,24,56,0,1,21,3.6,2490.0
5075,15,52,1,0,31,3.4,6258.0
5699,94,74,1,1,9,3.2,8914.0
5672,41,59,0,2,45,4.4,8467.0
5825,61,10,0,0,47,4.0,6982.0
3878,92,81,0,1,13,4.1,5920.0
2705,37,66,0,1,17,3.9,3802.0
5339,94,25,1,2,8,4.0,8861.0
4235,73,37,1,2,9,4.1,6686.0
4847,88,95,1,2,9,4.8,8464.0
3175,87,91,1,2,40,3.1,5510.0
1798,28,31,1,1,48,4.6,2135.0
2456,24,50,1,2,52,3.8,3637.0
2614,15,85,1,2,30,4.5,3999.0
4005,82,28,0,1,7,4.9,6103.0
2974,93,98,1,1,17,3.6,4735.0
5960,47,59,0,0,39,3.2,7199.0
5946,35,68,0,1,38,3.5,7945.0
5226,91,78,0,0,5,3.4,7978.0
4971,60,43,1,2,17,4.5,7918.0
4328,82,48,1,0,40,3.1,5767.0
4350,62,83,1,0,58,3.1,6068.0
4006,65,16,1,2,1,4.4,6830.0
5270,68,61,0,2,16,4.1,8040.0
4464,79,69,1,2,17,3.8,7503.0
2449,87,61,0,0,30,4.2,3402.0
4350,67,88,1,1,31,4.5,6851.0
1665,97,33,1,1,35,3.2,2539.0
4986,22,35,0,1,45,4.1,6254.0
4009,52,99,0,2,8,4.6,6285.0
2419,85,99,0,2,48,3.7,3942.0
1613,60,19,1,1,56,4.5,2195.0
5004,28,26,1,2,30,4.7,7330.0
2491,30,87,0,0,39,4.6,3217.0
5339,100,11,1,0,21,4.3,7392.0
2758,92,86,0,2,15,4.4,4429.0
4926,33,36,1,1,56,4.6,6725.0
2014,35,82,0,1,34,4.5,2719.0
4696,54,80,0,0,56,3.9,5905.0
5934,37,57,1,2,60,3.3,9069.0
4084,91,83,0,1,27,3.6,6057.0
1567,38,18,1,1,2,3.4,2341.0
3096,26,95,1,2,10,3.7,5001.0
5978,77,32,0,2,5,4.0,9526.0
1518,53,80,0,1,27,4.9,2108.0
4230,70,82,1,2,4,4.9,7572.0
5021,77,36,1,2,47,4.5,7910.0
2072,83,97,0,2,13,5.0,3497.0
3758,34,90,0,1,17,5.0,5301.0
4402,76,93,0,0,21,4.8,6067.0
2150,11,80,1,2,23,3.2,3135.0
4087,98,52,1,1,33,3.9,6274.0
4762,58,16,1,0,50,4.1,6087.0
2838,79,92,0,1,60,3.2,4167.0
5134,35,72,0,1,15,4.6,6900.0
4327,81,93,1,1,14,3.3,6904.0
3717,36,53,1,0,9,3.8,4808.0
5039,98,48,0,1,44,3.1,7126.0
2537,27,49,1,0,37,4.0,3150.0
5883,63,16,0,2,30,4.2,8496.0
5478,10,79,0,0,29,4.5,6596.0
4461,70,34,0,1,23,3.7,5959.0
4726,12,68,1,0,34,4.2,6149.0
2598,77,22,1,1,55,4.5,3786.0
3824,50,95,0,2,55,4.5,6054.0
2439,46,90,0,0,7,3.6,3334.0
5216,60,95,1,2,53,3.1,8604.0
4914,24,71,0,0,9,3.1,5680.0
2948,17,17,1,1,50,4.5,3679.0
2070,47,54,1,0,4,3.8,2988.0
4404,92,27,1,2,2,3.3,7593.0
4005,65,97,0,0,56,3.4,5460.0
2417,56,69,0,2,60,4.5,3629.0
3374,99,69,0,2,27,4.2,5511.0
3178,19,11,0,1,33,4.0,3724.0
2115,87,75,1,0,32,4.2,3006.0
3249,58,100,0,2,57,3.3,5157.0
5325,50,23,1,1,44,3.6,7266.0
5688,92,57,0,1,45,3.7,8213.0
3977,39,65,0,1,46,3.6,5181.0
5005,14,21,0,2,37,4.7,6485.0
4975,80,64,0,0,27,4.2,6652.0
2635,92,37,0,2,28,4.5,4078.0
5500,40,98,1,1,3,3.5,9049.0
1874,61,13,0,2,60,3.5,2676.0
1706,97,99,0,2,59,3.5,2713.0
2819,32,45,0,1,36,4.4,3651.0
2641,57,59,0,0,49,3.7,3292.0
4190,49,12,0,1,51,3.8,5366.0
4755,15,10,1,1,43,4.4,6222.0
1589,47,26,0,2,8,4.9,2095.0
5608,50,80,1,1,44,3.3,8424.0
4520,36,71,0,2,50,3.1,6626.0
3357,84,57,1,1,50,3.4,5035.0
2304,78,71,0,1,41,4.5,3370.0
2444,66,78,0,0,37,3.4,2969.0
4289,26,28,1,1,53,4.2,5747.0
5375,80,43,0,0,49,4.2,6807.0
3110,100,58,1,1,45,3.6,4938.0
4423,56,89,0,1,38,3.1,6280.0
5382,88,56,1,1,56,3.8,8290.0
4721,22,100,1,0,22,3.4,6322.0
5891,20,59,1,2,14,3.4,8687.0
3887,99,98,0,0,15,4.0,5479.0
2441,95,35,1,1,55,4.3,3946.0
4066,33,65,0,2,46,3.2,5907.0
2475,82,87,1,1,4,4.2,4292.0
2454,13,23,1,0,18,3.5,2828.0
2762,55,87,1,0,1,4.3,4505.0
2443,27,34,0,2,12,4.6,3552.0
3702,52,13,0,0,54,4.6,4288.0
4827,89,88,0,1,41,3.7,7172.0
5774,42,41,1,2,42,4.1,8808.0
3759,19,91,0,1,53,4.6,5073.0
3328,82,87,0,2,60,3.1,5202.0
2757,68,74,1,2,50,4.2,4708.0
1964,40,70,1,1,17,4.7,2944.0
4794,37,29,0,0,19,3.7,5415.0
2730,69,83,0,1,36,3.9,3919.0
4154,12,19,0,0,48,4.4,4459.0
2384,64,97,1,0,7,3.1,3662.0
5305,23,43,1,1,9,3.8,7123.0
5356,67,70,1,2,8,3.6,8949.0
4635,98,36,1,1,25,3.0,6894.0
2424,24,49,1,2,7,3.4,3677.0
3046,11,74,0,0,42,3.8,3616.0
2594,33,42,0,2,8,3.4,3708.0
3911,87,77,0,1,24,4.2,5849.0
4117,73,80,1,2,17,3.9,6735.0
2262,80,18,1,0,12,3.1,2946.0
3823,33,25,0,0,46,3.6,4221.0
5645,36,14,0,2,31,3.0,7630.0
4275,46,32,0,0,12,3.7,4902.0
4655,100,52,1,0,57,3.5,6710.0
5470,48,98,1,2,2,4.4,9857.0
3540,72,66,1,0,12,3.6,4860.0
2083,88,60,1,2,27,3.8,3419.0
5831,35,22,1,2,46,4.5,8667.0
3603,74,33,0,0,7,4.0,4637.0
3442,13,20,0,2,58,4.1,4645.0
5955,38,61,1,0,58,4.7,7816.0
1609,10,26,1,0,13,3.4,1866.0
1691,59,46,0,0,53,5.0,1995.0
2403,95,22,1,1,36,4.8,3776.0
2361,20,71,1,0,1,3.6,3322.0
2583,83,100,0,2,49,4.8,4316.0
2149,68,93,1,2,35,4.5,3717.0
5634,71,17,1,2,30,4.9,8949.0
5111,90,65,0,1,31,4.4,7452.0
2136,45,92,1,1,17,4.3,3218.0
2536,65,79,1,2,8,3.0,4261.0
5631,99,53,0,2,3,3.9,9619.0
3648,30,69,0,1,59,3.4,4927.0
5365,22,50,1,2,10,3.6,7961.0
4657,18,30,0,0,34,5.0,5197.0
5087,20,95,0,0,22,3.2,6250.0
4794,84,51,1,2,4,4.4,8552.0
5761,79,83,0,0,32,3.3,7811.0
3930,10,83,1,2,29,3.0,5851.0
3379,79,38,0,1,46,4.0,4777.0
5466,86,89,0,2,11,3.3,8847.0
5213,95,74,1,1,46,4.9,8427.0
5626,65,26,1,0,13,3.4,7101.0
5606,40,39,1,0,59,3.4,7100.0
3511,95,35,0,0,4,3.1,5058.0
4873,46,62,1,2,2,3.7,8286.0
3643,56,28,1,1,34,3.0,4825.0
4000,100,62,0,1,43,4.0,6070.0
2789,87,94,0,0,22,4.0,3946.0
2947,56,26,0,0,5,3.1,3877.0
4699,78,55,1,1,9,3.5,7076.0
3443,67,94,0,2,20,4.7,5343.0
4683,45,62,0,0,21,3.9,5813.0
4716,41,73,1,2,17,3.9,7434.0
4636,73,54,0,0,12,4.4,5933.0
4818,80,58,0,0,28,4.4,6539.0
4282,51,28,1,2,18,4.5,6615.0
2490,57,80,0,2,3,4.7,4218.0
3653,83,90,1,2,5,3.5,6635.0
1725,90,74,1,2,60,3.1,2809.0
2276,39,46,1,1,53,3.8,3235.0
4337,30,79,1,1,52,4.7,6156.0
2187,69,35,1,0,14,3.2,2936.0
2029,22,11,0,0,48,4.2,2246.0
4942,10,68,1,0,26,4.4,6394.0
3653,74,14,1,1,19,4.0,5315.0
2794,42,46,1,2,41,3.5,4359.0
3026,47,40,1,0,17,3.7,3829.0
4396,34,85,0,1,54,3.1,5777.0
4603,35,57,0,0,39,3.6,5479.0
3940,86,15,0,1,42,3.1,5314.0
5635,68,24,1,2,4,4.5,9655.0
5302,42,24,0,1,42,4.8,6978.0
2344,50,70,0,2,35,4.3,3417.0
1946,39,25,1,0,24,4.3,2518.0
5415,66,29,1,2,41,3.9,8199.0
4609,58,86,0,1,13,3.3,6547.0
2734,57,53,0,0,33,3.0,3401.0
1726,81,51,0,0,15,3.7,2077.0
5643,58,55,0,1,15,4.5,7864.0
4459,56,43,1,2,31,4.9,6954.0
3330,65,73,1,1,43,3.9,5026.0
5279,74,38,1,2,28,3.7,8472.0
1686,21,12,1,2,10,3.9,2344.0
4377,78,18,1,0,57,3.9,5760.0
4035,97,84,0,2,7,4.3,7226.0
3432,15,84,1,0,33,4.5,4586.0
4424,98,34,1,1,7,4.6,7401.0
2348,74,95,0,1,5,4.3,3980.0
3532,34,51,1,0,26,3.9,4486.0
2752,10,55,0,0,55,4.9,3295.0
3381,41,82,1,2,16,4.4,5501.0
1769,12,93,1,0,60,3.9,2382.0
3130,58,68,1,1,57,3.9,4559.0
5905,28,30,0,0,8,4.6,6853.0
4703,69,83,1,0,22,3.9,6742.0
3074,38,31,0,0,34,4.0,3772.0
4392,59,38,1,2,40,3.6,6827.0
3195,11,72,1,0,28,4.7,4100.0
4758,82,82,0,2,46,4.0,7580.0
4762,65,70,0,2,36,4.1,7334.0
2945,26,73,1,0,56,4.8,4046.0
1719,69,78,0,2,47,4.8,2800.0
1552,45,49,1,0,7,4.6,2281.0
3257,70,84,1,1,52,3.1,5087.0
3166,26,10,0,1,40,3.9,3747.0
4285,58,74,0,2,59,3.7,6463.0
2219,85,71,0,1,43,3.4,3165.0
1905,69,63,1,0,28,4.8,2792.0
3794,29,69,0,2,59,4.8,5669.0
1571,59,55,1,0,2,3.9,2245.0
3553,12,14,0,2,9,3.3,4464.0
2729,52,31,0,2,6,3.0,4167.0
3067,66,99,0,2,55,3.9,4791.0
5182,59,62,0,2,58,3.1,7714.0
4453,77,79,0,1,1,4.2,7271.0
5982,90,41,1,1,3,4.2,9949.0
2198,59,20,0,1,10,4.8,3010.0
2326,46,19,0,2,37,3.4,3062.0
1848,55,48,1,1,44,3.7,2613.0
5408,51,40,1,2,23,4.7,8247.0
1807,24,21,1,1,33,3.9,2369.0
4916,42,89,1,2,9,3.1,8062.0
3834,89,47,0,1,53,3.2,5589.0
4309,20,76,0,1,13,4.6,5778.0
5058,29,75,1,1,28,4.5,7342.0
5978,33,61,0,2,51,4.8,8773.0
4977,73,14,1,2,7,3.2,8122.0
4186,89,20,1,1,26,4.5,6262.0
4485,74,34,0,2,16,4.3,6493.0
1775,97,44,0,0,40,3.5,2075.0
4047,97,44,1,1,58,4.9,6311.0
4264,82,31,0,1,26,4.1,6141.0
1836,95,46,1,0,51,4.8,2819.0
3473,85,95,1,2,39,4.7,6210.0
4479,26,64,1,2,55,3.7,6812.0
5468,98,84,1,2,32,4.1,9728.0
2410,70,81,0,1,36,3.9,3442.0
3496,24,73,1,1,42,4.4,4884.0
4629,60,29,1,1,57,4.2,6553.0
5704,36,13,1,1,1,4.6,8258.0
5257,95,27,0,1,49,3.0,7489.0
1827,83,60,1,2,21,4.4,3110.0
3299,70,77,1,0,13,3.6,4578.0
1814,67,29,0,2,51,3.4,2614.0
5045,40,18,1,2,26,4.6,7486.0
2634,100,89,1,1,45,3.2,4418.0
4246,21,35,1,0,9,3.5,5340.0
3020,55,34,1,0,37,3.4,3991.0
1655,40,77,0,2,23,3.8,2530.0
3224,41,50,0,0,1,3.6,4280.0
4843,41,68,0,2,2,4.4,7826.0
2386,62,54,1,2,43,4.4,3846.0
4573,70,50,0,2,28,3.7,6882.0
4305,55,47,0,2,36,3.9,6283.0
2221,94,28,1,1,31,3.4,3267.0
2412,83,23,0,0,41,4.3,2923.0
4857,89,30,0,1,5,3.8,7371.0
2370,16,24,0,1,37,3.3,2679.0
5608,13,12,1,1,25,3.3,6976.0
1997,100,46,1,2,8,3.6,3318.0
3256,61,55,0,2,34,4.5,4943.0
2617,98,25,0,1,39,3.1,3655.0
4909,40,23,1,1,49,3.5,6669.0
4328,84,18,1,0,32,3.3,5769.0
3147,93,16,1,1,58,4.9,4906.0
4483,45,23,1,2,59,4.4,6906.0
1642,63,15,0,1,11,3.5,2080.0
4261,63,94,1,0,47,3.4,6166.0
4935,26,24,0,0,25,4.7,5537.0
3931,84,61,1,1,3,3.4,6366.0
3348,39,81,1,0,45,5.0,4685.0
4196,31,43,1,0,50,3.6,5186.0
3217,52,10,1,2,52,3.2,4645.0
4572,36,78,0,0,32,4.4,5661.0
2567,46,95,0,0,52,4.2,3274.0
4286,55,29,0,1,35,5.0,5907.0
5291,44,89,1,2,32,4.6,8546.0
2788,13,16,0,0,34,3.9,2932.0
5371,89,16,1,1,37,4.4,7778.0
3306,89,59,1,1,52,4.6,5119.0
3004,94,11,0,1,5,4.0,4381.0
4808,35,56,1,1,45,3.5,6792.0
4451,28,23,1,1,28,3.4,5705.0
1571,90,40,0,1,28,3.6,2358.0
3190,54,59,1,0,8,4.7,4225.0
2844,35,70,1,2,27,3.8,4326.0
4803,31,50,0,2,16,3.6,6804.0
4613,67,23,0,1,18,4.6,6385.0
2382,72,14,1,1,25,3.1,3292.0
5734,37,84,0,2,58,4.2,8663.0
4162,74,14,1,0,48,4.7,5412.0
3004,53,73,0,1,1,3.8,4510.0
3963,52,38,1,2,8,3.5,6047.0
4053,46,84,0,2,60,4.0,6070.0
2232,75,14,0,1,21,4.4,3106.0
3248,26,45,1,2,34,4.0,4920.0
5424,49,88,0,0,24,3.0,6827.0
1923,47,28,0,2,37,3.2,2425.0
4978,94,73,1,1,26,4.4,7922.0
3091,70,31,0,1,47,3.8,4289.0
5985,18,43,0,2,14,4.6,8253.0
5937,86,65,0,2,58,4.3,9527.0
1992,84,26,1,1,29,4.2,3117.0
1691,70,85,0,0,30,4.8,2360.0
1998,89,98,1,2,3,3.0,3826.0
2756,25,65,1,0,7,3.3,3801.0
3468,11,26,0,0,36,4.2,3860.0
5822,81,83,1,1,11,3.1,9067.0
3686,52,91,1,1,32,4.3,5579.0
2316,51,27,1,1,59,5.0,3504.0
4720,86,54,1,0,58,4.8,6785.0
2973,66,87,0,1,12,4.2,4266.0
2586,90,65,0,1,15,4.8,3896.0
5699,97,89,0,0,38,3.2,7844.0
3374,76,59,1,0,58,3.9,4600.0
2370,39,67,1,0,24,3.9,3117.0
3542,22,27,0,0,1,3.7,4200.0
1772,28,89,1,2,18,3.0,2713.0
2529,16,90,0,1,46,4.8,3296.0
4718,18,16,1,2,56,4.6,6831.0
5569,92,85,0,0,7,4.3,8703.0
2551,63,19,0,0,42,3.3,2853.0
5533,95,78,0,0,41,3.8,7868.0
3073,91,94,1,0,2,4.8,5179.0
4690,70,12,0,0,40,4.2,5648.0
5888,96,92,1,1,54,4.2,9528.0
5297,11,53,1,2,31,4.8,7720.0
4789,59,79,0,2,33,4.1,7386.0
5247,84,23,0,1,52,4.2,7203.0
3605,40,13,1,1,30,3.7,4778.0
1807,42,27,1,1,31,3.7,2474.0
4859,87,61,0,2,34,4.4,7628.0
4676,89,47,0,2,7,3.6,7794.0
2751,20,89,1,0,25,4.1,3646.0
4247,42,29,0,2,16,3.6,6152.0
3017,16,97,0,2,22,3.3,4152.0
2878,40,53,0,1,36,3.9,3832.0
3461,57,60,0,2,53,3.4,5139.0
5805,56,28,1,0,27,4.8,7612.0
4363,87,77,1,2,17,3.6,7438.0
4156,62,75,0,1,4,4.2,6661.0
3994,89,22,0,1,58,3.5,5502.0
5505,28,71,1,0,35,3.5,6977.0
5063,90,70,1,0,41,3.7,7390.0
2422,99,39,1,2,22,4.8,4054.0
5732,15,39,1,0,47,3.8,6848.0
5962,58,60,1,0,52,4.6,8216.0
4459,82,97,0,1,35,3.4,6672.0
1683,59,57,0,1,44,3.1,2256.0
4858,90,42,1,2,15,4.6,8049.0
2898,21,83,1,2,52,4.1,4392.0
4296,32,91,0,2,40,4.0,6503.0
2036,63,28,1,2,44,3.5,3114.0
2773,78,80,1,1,21,3.1,4318.0
4467,68,66,0,2,13,4.0,6779.0
4549,45,28,0,2,47,4.7,6352.0
2596,12,97,0,0,11,3.2,3075.0
2805,67,88,0,2,49,4.9,4488.0
2415,97,50,1,0,53,3.5,3400.0
4581,64,51,0,1,56,4.1,6328.0
5747,66,96,1,2,27,3.1,9379.0
2528,26,61,1,0,31,3.9,3435.0
3477,48,13,1,2,44,3.3,5012.0
4854,99,13,1,0,32,3.1,6418.0
4011,77,14,0,2,52,4.9,6043.0
1770,64,50,1,1,30,4.5,2517.0
2686,54,96,1,1,18,4.4,4189.0
5700,85,70,1,0,16,3.2,8020.0
5264,10,84,0,0,35,4.9,6342.0
3898,30,64,0,1,59,3.9,5099.0
5735,92,84,0,2,9,4.7,9391.0
5682,30,22,0,0,39,3.0,6275.0
3211,61,23,0,1,51,3.6,4327.0
3730,91,69,1,0,37,5.0,5464.0
1628,52,81,0,1,51,3.9,2300.0
2769,61,34,1,1,10,4.8,3898.0
5172,76,91,0,0,52,3.7,7042.0
3101,53,53,1,0,12,4.1,4225.0
5470,41,91,0,1,8,4.7,7762.0
5744,19,19,1,2,3,4.2,8878.0
2127,73,80,0,1,19,4.5,3101.0
5297,88,59,1,2,59,3.5,8748.0
3544,78,53,1,2,11,3.3,5715.0
5052,77,23,1,2,8,3.5,7821.0
3841,37,24,1,0,26,4.0,4763.0
4714,62,25,1,1,45,4.6,6645.0
1749,60,11,1,1,58,3.7,2134.0
4425,62,39,0,2,23,4.1,6614.0
2474,13,39,0,2,55,4.6,3360.0
2825,88,91,1,2,10,3.5,4884.0
2483,26,40,1,1,18,4.8,3352.0
2388,76,86,1,2,12,4.9,4063.0
4437,83,29,1,1,39,3.1,6363.0
3617,56,58,1,1,26,3.1,5357.0
4172,65,44,1,0,11,3.2,5480.0
2826,32,32,1,2,10,4.6,4068.0
1970,27,70,0,2,3,3.4,3136.0
3487,10,93,1,2,7,4.5,6001.0
1590,44,64,1,0,4,3.9,2304.0
2029,73,76,0,2,40,4.7,3371.0
5559,67,17,0,1,8,4.6,7431.0
4273,68,49,1,2,38,4.9,6933.0
3186,10,68,0,1,13,3.5,4016.0
1691,12,41,0,1,12,3.5,2104.0
3486,76,16,0,1,35,3.1,4690.0
5123,46,11,1,1,38,3.8,6953.0
3685,92,94,1,2,54,3.9,6477.0
5940,38,15,0,0,51,4.9,6794.0
2508,98,45,1,0,43,4.7,3700.0
5283,42,41,1,1,36,3.3,7251.0
5798,70,54,1,2,47,4.6,9317.0
5787,99,51,0,0,2,3.4,8465.0
3552,13,62,0,2,15,3.2,4770.0
4808,23,18,0,0,49,4.7,5168.0
3216,100,84,0,1,34,5.0,5172.0
1810,42,96,1,1,39,3.2,2368.0
2760,31,84,1,1,26,4.6,4135.0
5432,57,58,1,0,48,4.7,7340.0
4768,12,11,0,2,5,3.2,6581.0
2084,96,76,0,1,48,3.6,3163.0
4299,94,20,1,2,25,4.5,7208.0
1859,32,59,0,2,51,4.6,2762.0
4366,77,44,0,1,34,3.7,5958.0
3511,30,24,1,0,47,3.3,4210.0
5506,52,84,0,1,4,4.3,8508.0
3125,94,40,0,1,34,4.4,4293.0
4264,35,71,1,0,27,4.0,5653.0
2390,50,37,0,2,55,3.3,3318.0
2231,47,34,1,0,42,4.7,2970.0
5461,97,93,1,0,54,4.3,8330.0
4004,20,34,0,1,56,4.7,5162.0
2114,38,84,1,0,29,4.9,2954.0
5306,69,92,0,0,5,4.6,7962.0
3219,76,10,0,0,18,4.9,4148.0
3087,74,68,0,2,4,4.9,5304.0
3111,70,78,0,2,1,4.2,5456.0
2396,28,83,0,1,50,4.5,3154.0
1777,55,51,0,1,20,4.4,2223.0
3136,58,43,0,2,6,4.2,5043.0
3658,31,75,0,0,20,3.0,4501.0
3932,87,27,0,1,20,3.7,5308.0
5404,66,86,1,1,46,3.2,8235.0
4762,23,14,1,0,27,3.6,5406.0
2949,53,29,0,0,26,3.1,3427.0
6000,25,75,0,0,32,4.8,7364.0
2732,86,84,0,0,10,3.9,3819.0
5617,21,71,1,0,18,3.4,7109.0
2177,64,41,1,2,41,4.2,3417.0
4158,60,67,0,0,12,3.4,5319.0
3528,48,59,0,1,10,4.6,4848.0
5258,42,47,0,2,24,3.6,7528.0
3537,42,64,1,1,24,3.6,5171.0
4149,38,37,0,0,53,4.7,4975.0
2156,78,83,1,1,51,4.1,3614.0
1665,79,95,1,0,38,4.8,2546.0
2089,40,90,0,1,46,3.8,2949.0
4321,89,31,1,1,25,3.7,6417.0
5758,40,52,0,0,8,4.0,6910.0
2762,98,92,1,1,55,3.1,4350.0
1571,55,90,1,2,14,3.3,2507.0
5016,86,97,0,1,43,3.4,7682.0
5080,61,45,0,2,31,4.6,7427.0
1768,19,61,1,2,24,4.5,2822.0
3276,97,45,1,1,16,3.4,4990.0
3962,83,37,1,2,20,3.6,6274.0
2768,50,87,0,2,38,4.9,4281.0
2515,86,67,0,1,47,3.2,3691.0
4222,12,45,0,0,15,4.1,4727.0
2583,68,79,0,0,14,4.0,3608.0
5601,61,18,1,2,53,4.5,8647.0
1906,43,30,1,2,12,3.5,2891.0
4576,58,73,1,0,34,4.9,6499.0
2485,37,85,1,2,8,3.8,3971.0
5103,92,70,1,0,19,3.6,7400.0
5985,96,49,0,1,46,3.7,8662.0
2209,22,65,0,2,5,3.7,3430.0
4118,78,13,1,1,56,3.4,5846.0
2911,76,40,1,0,27,4.9,4165.0
2985,70,36,1,0,41,3.3,4069.0
4450,69,67,1,1,13,4.8,6741.0
4434,80,34,1,2,32,3.8,7182.0
5614,33,78,1,1,31,3.5,8088.0
2503,72,79,1,1,41,3.4,3819.0
3966,95,14,1,2,46,4.0,6419.0
3966,70,100,0,0,37,4.3,5492.0
3438,32,17,1,1,2,4.8,4995.0
3439,39,18,1,1,7,4.3,5191.0
3135,69,24,0,0,48,4.0,3802.0
3198,27,16,0,1,11,3.1,3891.0
3591,65,81,1,0,11,4.8,5168.0
3395,62,24,0,2,23,4.8,5030.0
5740,16,46,0,0,31,3.8,6535.0
4898,78,92,1,0,44,3.1,7229.0
2573,81,48,0,1,45,4.5,3608.0
3902,88,15,1,0,8,4.6,5489.0
4712,61,92,1,0,56,4.1,6743.0
5537,13,66,1,1,32,3.8,7491.0
2651,43,90,0,0,48,4.7,3465.0
3945,78,28,0,1,21,3.4,5312.0
3456,42,72,1,2,31,3.9,5407.0
5407,78,40,1,0,1,3.0,7980.0
2307,47,84,0,2,13,3.3,3543.0
1686,35,88,1,0,11,4.9,2362.0
2807,10,19,0,0,29,4.2,3117.0
3784,13,96,0,2,4,4.6,6059.0
2257,48,76,0,2,36,4.0,3444.0
5731,63,71,0,1,15,4.7,8232.0
5354,99,12,0,1,59,4.1,7623.0
5766,42,27,0,2,3,3.0,8542.0
3706,42,34,1,0,56,4.8,4717.0
5058,81,29,1,1,51,3.3,7583.0
3080,29,67,0,0,29,3.9,3671.0
2461,25,95,0,1,21,4.0,3208.0
5347,30,59,1,1,2,3.1,8302.0
5075,54,88,1,1,6,3.1,8193.0
2375,99,19,1,2,31,4.5,3888.0
3918,96,30,1,0,54,3.6,5534.0
5698,91,38,1,2,24,3.8,9398.0
2501,71,19,1,1,40,4.1,3496.0
4884,40,22,1,2,17,3.7,7425.0
5566,51,56,1,2,5,4.6,9623.0
4345,21,32,0,2,2,4.8,6520.0
2981,74,59,1,0,58,3.1,4001.0
4801,82,96,0,2,12,4.3,7919.0
2157,12,13,1,2,5,3.6,3409.0
4280,99,76,1,2,42,4.2,7417.0
1922,18,94,1,2,60,4.0,2839.0
5181,60,62,1,2,41,3.7,8227.0
5766,25,11,1,2,20,3.2,8036.0
4210,97,77,0,2,8,4.1,6727.0
1952,87,74,1,1,1,3.2,3352.0
3897,12,88,0,2,56,3.3,5621.0
3475,33,66,0,2,6,5.0,5504.0
3157,82,79,1,0,56,3.6,4656.0
4041,22,16,0,1,54,4.2,4786.0
4575,11,28,1,2,11,3.5,6299.0
4664,80,53,1,0,3,4.7,7117.0
4466,30,72,1,2,31,3.6,6813.0
3553,28,74,0,2,28,3.7,5215.0
1787,98,48,1,2,47,4.2,3060.0
4717,56,92,0,2,43,4.7,7345.0
5354,31,35,1,2,56,4.6,7950.0
2947,84,53,1,0,5,3.5,4681.0
2107,42,21,0,2,60,4.7,3031.0
3264,41,31,0,0,26,4.4,3676.0
2725,73,86,0,2,16,5.0,4532.0
2735,94,23,0,0,53,4.9,3777.0
2529,48,95,0,1,31,4.1,3608.0
4171,93,39,0,2,28,4.5,6468.0
5462,81,53,1,1,7,4.1,9002.0
4677,51,93,0,1,38,4.2,6673.0
5222,18,100,1,1,9,3.2,7597.0
2975,34,47,1,2,39,3.0,4367.0
4396,98,68,1,1,35,3.1,6994.0
2308,11,51,1,0,43,4.9,2878.0
2478,28,61,1,2,27,3.3,3682.0
3963,29,72,0,1,12,3.1,5223.0
2225,79,70,1,2,53,3.6,3677.0
4001,26,43,1,1,25,4.2,5422.0
4862,98,48,1,0,43,4.9,7088.0
2716,77,50,0,2,29,4.4,4174.0
5551,93,46,0,2,31,3.6,8554.0
3697,12,74,0,1,58,4.9,4782.0
4306,96,88,0,0,34,3.1,5988.0
2278,60,41,1,2,33,5.0,3647.0
2472,91,17,0,1,27,3.1,3387.0
4310,35,27,1,0,56,4.5,5420.0
3623,65,54,0,0,56,3.1,4635.0
2098,73,42,0,0,2,4.9,2858.0
4841,17,14,0,0,14,3.2,5220.0
1724,90,91,0,2,13,3.1,2658.0
2340,46,83,1,2,24,4.8,3953.0
3314,36,45,0,0,5,3.2,4309.0
2606,54,32,1,1,34,4.6,3672.0
1624,13,49,1,1,55,4.5,1963.0
4746,95,14,1,0,23,4.2,6331.0
4431,99,43,1,0,19,3.8,6244.0
5625,97,33,1,1,30,4.8,8727.0
4471,46,26,1,0,49,4.7,5667.0
3517,80,80,1,0,43,3.9,5105.0
3915,42,90,0,2,16,3.5,5858.0
4596,40,31,1,2,52,3.5,6840.0
3109,64,24,0,0,50,3.4,3555.0
2217,21,24,0,0,52,4.1,2408.0
5061,20,34,1,2,40,4.7,7495.0
2516,97,62,1,0,34,4.5,3961.0
5065,81,30,0,2,49,4.6,7745.0
5970,41,75,0,2,11,3.9,8847.0
3460,66,100,1,1,14,3.6,5368.0
2548,47,41,1,2,48,4.5,3987.0
2857,69,30,0,1,47,4.6,3809.0
4926,95,77,0,1,15,4.4,7485.0
1615,28,53,1,2,35,3.1,2436.0
3595,93,92,0,0,58,4.2,5073.0
3301,65,75,0,2,7,3.7,5610.0
3646,23,99,1,1,29,3.4,5297.0
3120,42,23,0,2,44,4.4,4311.0
4450,19,24,1,2,54,3.5,6259.0
5292,89,29,1,1,22,4.8,7891.0
4441,73,43,1,2,23,3.6,6935.0
2477,73,45,0,2,24,4.1,3800.0
4566,71,92,1,1,35,4.7,7426.0
2283,77,18,0,0,51,3.8,2997.0
1740,100,80,1,1,10,4.7,2970.0
3053,52,39,1,1,8,4.4,4427.0
2512,89,86,0,2,48,4.8,4174.0
1686,68,100,0,1,48,3.7,2622.0
3381,61,72,0,2,12,3.2,5074.0
1930,28,44,1,2,29,3.9,3057.0
1738,30,22,0,2,29,4.6,2375.0
3845,31,88,1,1,23,3.9,5663.0
1575,18,55,0,1,26,3.5,1983.0
2856,18,65,1,2,37,3.1,4361.0
3830,82,18,1,0,32,3.6,5077.0
3402,36,96,1,0,52,4.4,4759.0
5513,26,45,1,1,38,3.3,7334.0
3559,53,12,0,2,57,3.7,4906.0
1640,54,28,0,2,6,3.0,2616.0
3289,17,37,1,1,8,4.4,4328.0
5126,89,32,1,0,17,4.8,7181.0
1516,27,16,0,1,12,4.1,1841.0
5848,42,85,0,1,22,3.1,7939.0
1964,10,23,0,2,14,3.4,2637.0
5971,85,55,0,1,34,3.9,8618.0
3327,15,24,0,0,19,4.2,3702.0
4528,50,76,0,1,6,4.0,6997.0
2019,64,24,1,2,18,4.8,3159.0
1589,14,60,0,0,36,4.9,2020.0
4351,68,97,0,2,54,3.2,6749.0
4343,89,17,1,1,37,3.3,6300.0
3384,27,78,0,1,38,3.7,4519.0
5671,58,71,0,1,15,3.8,7748.0
2425,91,60,0,2,38,4.2,3991.0
5234,74,72,1,1,40,4.5,8060.0
2469,92,77,0,0,9,3.3,3368.0
2594,63,87,1,0,53,4.6,3815.0
4695,70,25,0,2,54,4.2,7110.0
2904,17,93,1,2,6,5.0,4824.0
4864,12,33,0,2,54,4.3,6570.0
5790,34,15,0,1,2,4.4,7905.0
5482,78,66,0,0,16,3.4,7230.0
5823,64,40,1,0,52,4.5,7940.0
5513,49,15,0,0,1,3.2,6974.0
4592,92,88,0,2,30,4.3,7578.0
5659,91,38,1,2,60,3.1,9039.0
3574,59,76,1,1,48,3.2,5243.0
1784,42,84,1,2,33,3.2,2914.0
2687,27,12,0,0,1,3.1,3122.0
5469,66,37,1,1,39,3.6,7940.0
4465,25,83,0,2,16,5.0,6776.0
5819,89,57,1,2,17,3.7,9553.0
2283,47,89,1,0,48,4.5,3334.0
2449,50,19,0,1,48,3.3,3214.0
5439,16,42,0,2,38,3.9,7412.0
1544,87,76,0,2,18,3.4,2393.0
3310,62,78,0,1,22,3.4,4724.0
3581,72,21,1,1,22,3.2,5056.0
4998,98,66,1,2,60,3.9,8473.0
2329,41,53,1,2,59,3.2,3562.0
3409,47,22,0,0,35,4.8,3923.0
4081,31,33,0,1,31,3.9,5007.0
2191,25,53,1,2,40,4.7,3278.0
5519,61,66,1,2,27,5.0,8904.0
2431,38,25,0,2,36,4.4,3499.0
4906,25,30,1,2,55,4.8,7300.0
1647,85,85,1,0,4,3.3,2533.0
2532,26,60,1,1,49,4.7,3538.0
2811,73,30,0,2,54,3.5,4194.0
1887,100,69,1,1,5,3.9,3393.0
4621,98,60,0,1,25,4.3,6884.0
3373,22,30,1,2,31,4.8,4933.0
5088,81,15,0,2,14,4.8,7405.0
2415,65,82,1,2,30,3.2,3932.0
3378,14,74,1,0,47,3.7,4178.0
5248,21,85,1,2,57,4.6,8136.0
1777,50,67,0,1,12,4.4,2583.0
3477,12,87,1,1,27,3.1,4844.0
3359,42,15,1,0,45,3.9,4137.0
4536,95,74,0,2,24,4.7,7471.0
4871,59,95,0,2,55,4.5,7703.0
3682,65,43,1,0,30,3.8,4935.0
2670,18,65,1,0,18,4.5,3426.0
1989,91,84,1,2,14,4.1,3404.0
4025,59,12,1,2,56,4.8,6172.0
2682,38,51,1,1,19,4.2,3792.0
5979,48,71,0,2,22,3.8,8930.0
5758,100,15,1,2,26,4.7,9400.0
3988,54,15,0,1,7,3.1,5729.0
3376,26,72,0,1,28,4.8,4636.0
3962,65,29,1,1,38,4.4,5805.0
3130,55,30,0,1,5,4.9,4632.0
1787,76,11,1,0,36,3.5,2356.0
5782,78,99,0,1,18,4.4,8749.0
3407,23,99,0,0,57,4.6,4424.0
2661,76,65,1,1,14,4.4,4144.0
1629,32,19,1,1,48,3.4,2205.0
3863,70,96,0,1,23,3.6,5657.0
1643,32,79,1,2,55,4.1,2501.0
1515,36,32,1,0,52,3.9,2002.0
1744,63,39,0,1,14,4.5,2390.0
2426,19,87,0,2,32,3.8,3473.0
4678,98,46,0,0,5,4.7,6955.0
3676,86,64,1,0,22,3.9,5266.0
2386,25,58,1,2,28,3.1,3713.0
1840,50,43,1,0,43,3.0,2321.0
3551,64,53,0,2,12,4.3,5401.0
4898,70,31,1,1,18,4.1,7233.0
5450,95,40,0,2,36,4.1,8540.0
1805,90,16,0,0,31,4.6,2341.0
2407,96,30,0,0,13,3.8,3054.0
4154,58,25,0,1,20,5.0,5557.0
5292,82,29,0,2,60,4.9,8093.0
5542,61,52,0,1,45,3.0,7479.0
2871,11,53,0,2,36,4.8,4135.0
1820,59,56,1,2,55,4.4,2904.0
5559,95,28,0,2,55,4.0,8500.0
2631,52,57,1,1,7,4.2,4452.0
4078,86,88,1,1,23,4.7,6704.0
5542,17,78,1,0,34,4.9,7196.0
4867,68,20,1,1,53,4.1,6997.0
2317,74,88,1,2,58,3.4,3974.0
1511,90,38,0,2,50,4.3,2252.0
1694,21,54,1,2,32,3.2,2469.0
4037,13,77,1,1,21,4.3,5569.0
4342,86,45,1,0,60,4.6,6173.0
3729,50,57,0,1,6,3.7,5344.0
4509,16,96,1,0,16,3.1,5803.0
3577,96,24,1,1,35,4.4,5274.0
5367,97,53,1,2,54,3.7,9028.0
1943,78,76,1,0,47,3.5,2744.0
1797,78,83,0,1,53,4.4,2710.0
2344,90,49,1,2,20,4.9,3756.0
2515,39,95,0,0,42,4.5,3179.0
2884,82,23,0,0,41,4.0,3672.0
2897,15,72,1,2,11,4.2,4293.0
2053,98,90,1,2,32,3.3,3680.0
3850,28,94,0,1,14,4.6,5329.0
2769,89,60,1,1,24,4.2,4243.0
2760,94,88,1,2,44,4.9,4804.0
1684,75,67,1,1,39,5.0,2651.0
3910,19,24,0,2,43,3.7,5392.0
5931,25,74,0,2,31,5.0,8993.0
3709,46,97,1,1,17,4.9,5602.0
5172,88,64,1,1,25,4.3,8190.0
3381,86,85,0,0,9,3.7,4807.0
5796,86,19,0,0,22,4.5,7181.0
2021,41,51,0,1,55,3.5,2579.0
3387,56,20,0,1,45,4.3,4441.0
4052,81,25,0,1,48,3.0,5444.0
5309,52,82,0,0,35,4.3,6745.0
5655,91,87,0,1,37,4.9,8778.0
5916,45,28,1,0,55,3.5,7444.0
4979,35,40,0,0,17,4.6,5957.0
2909,19,82,0,0,28,3.6,3534.0
3194,40,62,1,0,1,4.4,4713.0
2026,38,99,1,2,53,4.4,3321.0
4160,14,17,1,1,9,3.4,5400.0
3672,86,33,0,1,55,4.2,5012.0
1779,10,17,0,2,49,4.7,2223.0
4464,96,92,1,1,13,3.8,7404.0
5477,12,57,1,0,47,4.4,6812.0
4169,76,39,1,2,32,4.3,6623.0
4393,80,67,0,0,28,3.5,5868.0
3251,44,95,1,2,53,4.8,5448.0
5481,24,64,0,0,31,4.1,6299.0
3861,76,82,0,1,8,3.7,5711.0
5927,39,71,0,1,8,3.3,7861.0
5631,91,57,0,1,60,3.9,8237.0
3208,84,13,1,2,34,4.5,5072.0
4186,52,46,1,1,23,4.2,6098.0
4395,69,17,1,2,10,4.5,6829.0
4276,49,10,0,0,37,4.6,4803.0
2619,74,79,1,1,48,3.9,3913.0
4488,38,56,0,0,25,4.0,5260.0
5759,83,84,0,1,51,5.0,8616.0
5743,28,14,0,0,33,4.9,6450.0
1694,12,59,1,2,45,3.8,2600.0
2162,45,33,0,1,4,4.4,3068.0
1979,52,56,0,2,7,3.5,3066.0
5718,24,27,1,2,33,3.3,8188.0
2923,50,93,1,0,2,4.5,4329.0
4208,99,37,1,1,48,3.9,6517.0
4675,89,86,0,2,46,3.4,7541.0
5314,45,14,0,0,32,4.5,6108.0
3514,93,39,1,0,5,4.8,5412.0
5289,86,10,0,0,57,4.9,6562.0
3943,42,95,0,1,46,4.2,5414.0
2411,14,91,1,1,17,4.0,3539.0
4713,87,55,1,0,12,3.3,6496.0
3864,100,78,1,1,52,4.6,6249.0
5129,96,40,1,0,12,4.9,7278.0
4972,23,79,1,1,35,4.8,7295.0
2180,77,100,1,1,21,4.5,3473.0
2109,92,65,1,0,21,3.0,3112.0
3656,56,98,1,0,58,3.8,5272.0
5366,63,37,0,1,2,3.8,7802.0
1871,13,25,0,0,53,4.8,2043.0
2115,92,63,0,0,57,3.1,2640.0
3753,18,62,0,0,21,4.1,4418.0
5638,62,21,0,0,15,3.3,6556.0
2364,86,29,0,1,11,4.3,3193.0
2768,87,91,0,2,10,4.6,4538.0
2284,69,43,0,1,18,4.3,3108.0
5678,55,62,0,0,23,4.6,7248.0
3737,63,73,0,0,31,4.2,5061.0
5554,83,32,0,1,54,3.4,7750.0
2435,46,36,1,0,55,3.8,2990.0
5480,32,26,0,1,56,4.9,7110.0
3838,36,57,1,2,26,3.6,5873.0
1825,79,30,0,0,53,3.1,1990.0
3034,99,59,1,2,2,3.8,5516.0
4980,75,49,0,2,39,3.7,7379.0
5361,70,12,1,0,7,3.9,7577.0
3485,86,26,0,0,24,4.1,4598.0
4278,60,70,1,1,39,5.0,6414.0
2770,59,59,0,1,32,4.5,3725.0
2140,28,99,1,0,26,3.1,2859.0
5578,10,96,0,1,23,4.4,7404.0
2867,49,15,1,2,14,4.6,4282.0
5542,41,37,1,2,29,4.8,8498.0
4075,31,81,1,0,25,3.8,5270.0
5103,75,64,1,1,56,3.6,7782.0
3081,49,67,1,0,31,4.7,4142.0
3486,47,54,1,2,2,4.6,6053.0
3740,57,81,1,0,2,4.1,5642.0
5466,64,28,1,0,23,3.2,6985.0
3605,84,38,0,0,58,4.3,4552.0
1628,90,32,0,0,47,3.1,2012.0
5496,64,41,0,2,11,3.2,7864.0
2351,60,19,1,0,29,3.7,3051.0
5603,69,100,1,0,42,3.7,8128.0
3576,17,58,0,1,35,3.9,4626.0
4494,95,74,0,0,49,3.7,6176.0
5244,77,38,1,1,9,3.1,7833.0
4256,84,68,1,0,32,3.3,6033.0
3144,81,54,0,1,30,3.2,4383.0
5871,18,76,1,0,15,3.9,7630.0
4644,99,60,0,1,14,3.4,6607.0
1742,11,20,1,0,51,3.6,1960.0
5585,89,95,0,0,17,3.9,7838.0
1670,79,91,0,1,22,3.5,2547.0
2152,94,15,1,0,52,3.5,2993.0
5012,99,76,0,0,30,4.7,7189.0
2999,68,71,1,0,17,4.1,4198.0
3599,28,14,1,0,16,4.7,4283.0
3658,37,18,1,2,52,4.0,5359.0
3472,81,37,1,0,8,4.8,4805.0
5425,23,92,1,2,59,3.5,8317.0
3758,33,100,0,2,39,4.2,5738.0
5539,53,86,1,0,31,4.0,7660.0
3535,65,47,1,1,12,4.8,5250.0
4771,99,52,0,1,33,3.8,6944.0
2357,60,30,1,0,58,4.7,3331.0
5323,41,100,0,2,12,4.1,8287.0
2549,59,71,1,1,25,4.4,3925.0
5490,50,55,0,0,38,4.8,6960.0
1798,75,79,1,0,48,5.0,2600.0
2423,34,47,1,2,18,4.5,3574.0
5732,70,58,1,1,19,3.6,8359.0
5806,75,84,1,0,55,3.6,8418.0
4299,51,90,1,1,3,3.6,7117.0
5562,74,48,0,0,35,3.2,6910.0
5545,45,80,0,0,5,3.1,7561.0
3302,85,39,1,0,35,4.2,4511.0
4213,18,30,0,2,51,4.6,5629.0
4353,45,10,1,2,27,3.1,6240.0
4157,47,98,1,2,37,4.1,6897.0
4846,42,41,1,1,46,3.7,6864.0
2971,51,17,0,2,21,4.8,4206.0
4449,70,78,1,2,16,3.3,7461.0
2441,55,39,0,1,28,4.1,3491.0
3407,95,17,1,1,25,4.9,5181.0
2743,98,28,1,1,33,3.7,4132.0
5923,70,68,0,1,17,4.5,8288.0
2966,27,64,1,2,43,4.8,4659.0
5457,79,39,0,2,30,3.4,8167.0
3466,91,88,1,1,41,5.0,5705.0
1875,89,45,1,2,53,4.6,3095.0
1762,24,64,1,0,4,3.3,2415.0
5862,57,53,0,2,2,3.6,9300.0
4888,81,36,1,0,60,4.2,6799.0
4895,22,86,0,1,9,4.8,6396.0
3444,52,87,1,1,54,3.4,5224.0
3393,69,63,1,2,31,4.5,5433.0
5134,66,57,0,1,25,3.5,7221.0
3152,80,39,1,2,37,4.6,5098.0
5641,26,48,1,2,36,4.4,8551.0
5392,59,22,0,2,55,4.0,7711.0
2099,41,25,0,2,5,4.3,3320.0
3412,31,53,0,0,24,4.8,4274.0
2792,64,80,1,0,24,3.8,4053.0
2100,66,36,0,1,29,4.5,2927.0
1880,22,54,0,0,50,3.3,2116.0
5713,56,44,1,1,45,4.4,8350.0
5137,96,88,0,1,31,4.5,8032.0
3663,71,37,0,2,37,3.9,5397.0
5855,63,16,1,2,58,4.6,9021.0
2598,38,71,0,2,56,4.1,3755.0
1865,31,60,1,2,19,4.9,2987.0
4070,74,55,0,2,23,3.2,6196.0
4919,38,29,0,2,35,3.3,6614.0
3976,57,47,1,0,54,4.7,5397.0
2290,14,70,0,1,50,4.7,2975.0
5069,44,41,1,1,6,3.9,7791.0
2246,83,35,0,2,6,4.9,3670.0
1812,92,67,0,0,56,4.4,2612.0
2420,80,48,1,2,37,5.0,3942.0
2577,55,29,1,0,30,4.1,3545.0
4329,44,91,0,0,1,3.4,6084.0
3881,54,59,0,1,8,3.9,5270.0
5118,22,88,0,1,28,5.0,7062.0
2297,19,61,1,0,25,3.7,2918.0
5943,75,95,1,1,33,4.9,9796.0
1772,79,31,0,0,53,4.6,2296.0
4510,81,62,0,0,60,3.9,5763.0
3273,34,94,0,0,38,4.1,4095.0
4047,53,75,1,1,52,4.2,6162.0
4664,69,52,0,2,14,4.3,7067.0
2446,56,91,1,1,11,3.2,3660.0
4165,49,32,1,2,2,4.9,6905.0
2006,16,86,0,1,53,4.2,2580.0
1743,55,73,1,1,30,4.9,2677.0
2005,32,18,1,2,30,4.3,2858.0
4658,92,16,0,0,4,3.9,6583.0
5090,55,50,0,2,13,4.1,7425.0
3372,95,63,0,0,7,4.7,4948.0
5293,22,74,0,0,38,3.7,6299.0
2692,30,11,0,1,3,4.9,3470.0
5925,10,13,0,1,9,3.9,6653.0
2964,28,87,0,1,14,4.9,4157.0
1890,69,41,1,1,52,4.8,2821.0
5976,42,11,0,1,11,4.5,7288.0
4877,13,73,0,2,37,3.9,6891.0
2172,12,23,0,2,14,4.2,2829.0
4060,100,29,0,2,19,4.7,6183.0
2711,61,98,0,2,8,4.1,4373.0
2429,37,58,0,1,59,4.5,3397.0
3039,79,17,1,2,7,4.6,5394.0
2412,79,72,0,2,59,4.0,3835.0
2143,64,55,1,0,59,4.1,2933.0
2001,66,30,0,1,7,3.4,3089.0
2229,96,96,1,2,56,3.5,3936.0
2783,25,41,1,2,55,4.8,4139.0
3618,33,17,1,2,3,4.7,5720.0
5886,78,25,0,1,3,3.0,8678.0
5336,50,49,0,2,18,4.7,7710.0
2419,86,36,0,0,45,3.1,3163.0
5550,56,27,0,1,33,3.9,7112.0
3839,85,44,0,0,37,3.1,4802.0
2255,78,61,0,1,28,4.9,3311.0
3369,40,24,1,2,36,4.9,5247.0
5972,39,72,1,1,16,4.2,8701.0
2007,27,62,1,1,15,3.8,2708.0
2936,53,100,0,1,29,4.0,4357.0
4075,36,90,0,0,59,4.5,5162.0
4926,35,75,1,1,18,3.4,6913.0
2058,69,40,0,2,49,3.9,3117.0
4602,27,70,0,1,46,4.5,6121.0
5122,98,73,0,1,46,3.8,7664.0
5899,65,43,1,2,19,3.1,9282.0
5557,40,64,1,2,29,4.0,8768.0
5215,68,68,0,0,6,4.5,7453.0
2801,11,12,1,2,45,5.0,3966.0
3655,48,26,1,2,50,3.1,5270.0
2192,70,87,0,2,58,4.1,3452.0
5850,72,87,0,1,47,3.9,8491.0
2978,27,55,1,0,55,3.5,3731.0
1756,26,47,1,2,27,4.3,2596.0
3930,48,44,0,2,7,3.3,6095.0
1941,80,10,0,2,27,3.6,2638.0
3381,63,38,0,1,19,4.6,4478.0
4146,85,13,1,1,17,3.9,5994.0
5320,44,70,1,0,41,5.0,7438.0
3235,20,26,0,0,11,3.8,3606.0
5235,70,37,0,1,5,3.9,7851.0
4145,53,59,0,2,2,3.6,6595.0
1518,77,99,0,2,47,3.5,2354.0
2624,34,17,1,0,56,4.8,3300.0
5485,57,43,0,2,12,4.5,7979.0
4154,41,68,0,1,42,3.7,5754.0
3580,93,27,1,0,42,4.4,4977.0
3047,13,68,0,1,52,4.9,4181.0
2361,47,36,1,1,11,3.1,3433.0
1654,72,25,1,2,10,3.5,2610.0
4994,56,19,1,1,28,3.4,6920.0
2404,10,85,0,1,7,4.7,3439.0
2769,12,31,1,2,14,3.4,4042.0
1904,95,25,0,1,13,3.6,2613.0
2343,71,21,1,2,5,4.1,3784.0
3282,73,84,1,1,51,4.2,5270.0
3064,26,93,1,2,42,4.6,4960.0
2684,87,60,0,2,8,3.8,4156.0
2246,71,10,0,0,50,4.1,2710.0
3225,44,36,1,1,1,4.9,5000.0
4688,22,76,0,1,5,3.6,6908.0
1770,44,21,1,0,11,3.5,2084.0
5456,52,39,1,2,52,4.4,8622.0
1671,11,18,1,2,43,4.5,2491.0
1773,65,62,1,0,48,3.8,2376.0
3806,86,70,0,0,10,3.4,5123.0
2658,60,63,1,2,15,4.6,4377.0
3206,63,46,0,2,39,4.3,5081.0
3271,25,74,1,0,47,4.8,4258.0
1921,27,51,1,1,29,4.7,2501.0
2709,16,58,1,2,25,3.4,3797.0
2390,54,13,1,0,48,4.7,3065.0
4767,45,73,1,1,6,3.4,7675.0
2973,50,88,0,1,11,4.7,4173.0
4743,51,60,0,1,17,4.5,6502.0
5978,16,100,1,1,15,4.1,8669.0
3681,24,81,0,0,16,4.3,4393.0
2949,69,69,0,2,56,3.2,4559.0
4596,49,96,1,1,2,3.1,7349.0
4756,92,88,1,1,36,3.7,7738.0
4656,46,100,1,0,19,4.6,6592.0
3090,75,40,1,1,38,3.9,4672.0
5739,64,81,0,0,50,3.4,7489.0
5481,86,67,0,0,21,4.7,7307.0
2935,89,91,0,2,11,3.5,4807.0
1723,65,13,0,1,41,4.6,2233.0
1719,53,31,1,2,3,3.9,2958.0
5774,66,12,1,0,34,3.9,7472.0
3154,15,88,1,1,18,3.5,4580.0
1764,41,56,1,0,15,4.8,2311.0
2453,83,47,0,0,25,3.2,3040.0
5233,27,42,0,0,54,3.3,5907.0
4274,77,87,1,1,50,4.3,6865.0
4624,82,57,0,0,51,4.7,6061.0
1979,16,74,0,0,15,3.2,2332.0
5014,17,35,1,1,30,4.5,6756.0
2853,73,17,0,2,17,4.5,4314.0
4822,16,59,1,0,18,4.2,5962.0
5378,50,89,0,2,31,4.0,8321.0
2389,49,47,0,2,50,3.6,3395.0
5354,12,19,1,2,43,3.7,7396.0
2424,26,51,1,2,18,4.3,3853.0
3670,75,46,1,2,55,3.1,5887.0
3402,88,35,0,2,35,4.2,5359.0
3895,61,21,1,1,13,3.6,5376.0
1528,31,93,0,1,14,3.9,2270.0
1534,13,58,1,2,59,4.1,2239.0
5089,15,23,0,1,36,4.8,6280.0
4170,47,55,1,1,18,4.2,5942.0
4865,35,44,1,2,5,3.5,7813.0
2088,20,38,0,2,14,3.2,2797.0
4718,99,21,0,0,25,4.3,6251.0
4638,26,91,1,1,44,4.1,6919.0
2403,97,53,0,2,57,4.3,3837.0
5586,40,75,1,1,39,3.9,8137.0
3669,86,11,0,1,12,4.7,5057.0
1839,44,68,0,1,40,4.8,2434.0
5770,25,26,1,0,53,3.1,6863.0
3214,88,19,1,2,53,4.5,5165.0
2056,27,27,0,1,28,3.1,2501.0
4587,71,31,0,2,35,3.9,6799.0
4766,36,92,0,1,54,3.9,6687.0
5067,44,67,0,2,1,4.4,7964.0
3556,54,62,1,2,3,3.7,6021.0
5399,44,10,1,2,43,4.6,7925.0
2516,37,97,0,1,50,3.7,3491.0
3562,18,70,1,0,7,3.7,4989.0
2338,85,98,0,2,9,3.4,3871.0
3137,24,40,0,0,36,4.4,3624.0
5821,30,40,0,2,23,3.2,8095.0
4996,61,75,1,0,24,3.7,6914.0
3313,44,28,0,2,10,3.5,4532.0
4979,60,62,1,0,50,3.5,6740.0
2951,92,85,1,2,55,3.1,5057.0
3813,64,83,0,2,48,3.4,5905.0
3014,96,31,1,0,12,3.9,4177.0
2731,86,32,0,2,19,4.0,4243.0
3145,53,96,0,1,32,3.5,4586.0
4499,74,24,1,2,24,4.3,7197.0
4940,97,35,0,2,22,3.7,7509.0
5556,89,12,1,1,3,3.7,8873.0
1805,34,96,1,1,40,4.6,2881.0
5036,96,29,1,1,27,4.1,7744.0
3223,56,49,0,0,19,4.9,3995.0
3189,89,48,1,1,9,3.7,4833.0
3017,65,81,0,0,59,4.7,3877.0
5417,47,27,0,1,51,4.5,7165.0
1919,20,50,1,0,49,4.8,2330.0
4436,76,79,1,1,13,4.9,6985.0
5362,24,36,0,1,2,3.0,7305.0
5729,10,24,1,2,36,3.2,7966.0
2950,16,46,1,1,29,4.3,4032.0
4596,10,67,1,2,11,3.8,6786.0
4761,58,14,0,1,34,4.6,6078.0
2664,82,82,1,1,4,3.0,4521.0
3369,38,16,0,2,4,4.6,4989.0
3319,35,50,0,2,52,3.3,4715.0
4205,96,93,1,0,1,3.6,6811.0
5015,54,19,1,2,25,4.9,7661.0
2842,80,71,0,0,26,3.1,3907.0
3726,21,35,0,1,11,3.7,4605.0
2579,41,77,1,2,23,3.2,3973.0
5706,29,33,0,2,2,4.7,8729.0
4279,60,87,1,1,19,4.4,6614.0
4028,90,50,0,1,29,4.6,5782.0
2313,45,74,1,1,40,4.1,3421.0
3531,76,26,0,1,55,3.7,4889.0
1822,10,33,1,2,52,3.0,2613.0
4469,36,36,1,1,4,3.6,6672.0
2403,49,16,0,1,57,4.0,2929.0
3041,93,82,1,2,16,4.3,5362.0
5003,23,21,0,0,47,3.5,5461.0
4153,78,94,0,2,37,3.3,6484.0
3976,96,12,0,0,27,3.4,4798.0
4840,88,88,0,1,5,3.7,8063.0
5743,15,94,1,2,15,3.3,8893.0
2641,42,19,0,1,23,3.3,3137.0
2349,64,42,0,2,49,3.1,3535.0
1866,28,55,0,0,3,4.7,2589.0
4397,86,68,1,2,18,3.4,7276.0
2589,38,61,0,1,43,4.6,3395.0
5541,70,15,1,2,26,3.9,8527.0
3538,79,11,1,1,6,4.3,5578.0
4360,88,38,0,2,59,3.2,6572.0
5770,89,49,1,0,44,4.2,8089.0
3354,33,70,0,2,54,3.6,4820.0
1994,32,77,1,2,58,3.2,3046.0
4682,19,77,1,2,17,4.8,7139.0
3284,63,38,0,2,46,4.2,4938.0
5010,50,71,1,0,38,3.5,6655.0
5286,58,69,0,1,42,3.8,7494.0
5630,26,93,1,2,48,3.7,8902.0
2498,65,50,0,2,50,4.4,3702.0
5969,54,96,0,2,27,4.2,9392.0
2951,39,91,0,0,20,3.0,3674.0
3251,53,98,0,1,6,3.4,5199.0
3780,83,74,1,1,51,4.0,6149.0
4434,64,73,0,2,35,3.9,6861.0
5234,28,88,0,2,12,4.0,7734.0
4846,38,72,0,1,48,4.4,6770.0
3373,11,57,0,2,3,4.4,5095.0
5303,45,29,1,2,48,3.7,7891.0
3479,28,46,0,2,4,4.8,5505.0
2198,16,73,1,0,57,3.1,2850.0
2812,35,100,0,0,52,4.2,3569.0
4462,88,95,0,1,45,4.9,6936.0
4438,47,14,0,0,4,4.1,5615.0
3800,12,43,0,0,4,3.9,4767.0
4697,89,48,0,1,39,3.3,6701.0
1626,75,76,0,0,21,4.6,2066.0
2691,80,90,1,1,44,3.7,4276.0
4139,52,71,1,2,2,4.4,7082.0
5889,71,97,0,1,16,3.4,8523.0
5416,80,33,0,1,7,3.1,8012.0
2866,33,12,0,1,19,3.6,3412.0
2519,48,80,1,2,43,3.6,3872.0
5579,77,98,0,2,33,4.7,9036.0
2184,53,76,1,2,9,4.7,3421.0
5129,14,88,1,1,37,4.1,7253.0
4387,64,59,1,1,58,3.0,6493.0
2962,39,38,1,1,17,3.5,4223.0
5586,38,83,1,1,27,4.3,8393.0
3761,35,41,0,1,33,3.2,4799.0
5680,92,96,1,1,49,4.4,9393.0
4341,35,48,1,1,12,3.0,5952.0
3267,46,18,0,0,57,4.4,3767.0
5680,100,23,0,2,45,4.7,8934.0
5060,62,77,1,0,56,3.9,7153.0
3612,39,73,0,2,11,4.7,5423.0
2126,12,29,0,1,13,4.6,2414.0
5659,52,37,0,0,31,4.3,6900.0
4914,16,23,1,1,13,3.9,6455.0
2875,58,53,1,0,38,3.5,3772.0
2681,82,86,0,0,26,4.7,3748.0
1990,50,48,0,1,31,4.3,2660.0
5229,86,37,1,0,22,4.6,7262.0
5034,88,73,1,0,6,4.1,8063.0
4796,63,98,0,2,20,3.3,7426.0
3440,78,41,1,1,21,5.0,5422.0
5908,100,18,1,1,10,3.4,8832.0
3382,36,37,0,0,19,4.8,3976.0
4487,17,26,0,1,35,3.4,5456.0
4659,41,96,1,2,26,3.7,7635.0
2181,93,86,1,2,7,3.9,3997.0
2573,73,64,1,1,37,4.8,3926.0
3887,19,19,0,1,8,4.8,4515.0
3894,22,89,0,2,5,4.6,6174.0
4193,72,15,0,1,44,3.8,5601.0
2870,44,57,0,0,36,3.0,3445.0
5840,70,84,1,1,51,4.4,9108.0
3656,63,76,0,0,28,3.8,4786.0
4080,17,50,0,2,50,4.5,5618.0
5891,38,88,1,1,3,4.6,9463.0
3659,50,69,0,2,39,3.9,5377.0
4748,39,86,1,1,8,4.5,7337.0
5231,95,51,0,0,15,4.7,7057.0
5329,30,90,1,1,53,4.9,7944.0
3127,85,80,1,2,27,4.2,5407.0
4972,20,37,1,0,49,4.6,6233.0
1527,11,22,0,1,51,4.0,1789.0
3485,59,90,1,2,36,3.1,5826.0
5653,50,24,0,2,16,3.3,7838.0
3021,75,45,0,1,26,3.3,4153.0
1796,12,24,0,2,45,3.3,2279.0
3681,89,84,0,0,44,3.0,5085.0
4902,60,65,0,1,4,4.7,7423.0
3796,77,13,0,0,12,4.1,4639.0
4097,96,61,1,2,17,3.8,6991.0
2401,93,100,1,2,58,3.8,4334.0
2598,34,19,0,2,41,3.9,3576.0
3177,39,54,0,0,44,3.1,3651.0
4381,91,93,0,2,26,3.5,7225.0
2878,20,38,0,1,31,4.7,3696.0
2748,26,62,0,1,15,4.5,3683.0
5235,35,38,1,2,52,4.1,7834.0
5741,32,32,1,1,34,4.0,7787.0
2764,65,66,0,0,29,3.5,3629.0
3407,61,59,0,0,9,3.9,4303.0
2558,57,30,1,2,14,4.2,3850.0
4249,29,52,0,1,36,4.4,5489.0
